2026-07-24 23:03:20 +02:00: [zernio/client] ZERNIO_API_KEY is not set in environment. Zernio API calls will fail until it is configured.
2026-07-25 03:05:30 +02:00: [zernio/client] ZERNIO_API_KEY is not set in environment. Zernio API calls will fail until it is configured.
2026-07-25 03:11:58 +02:00: [toErrorResponse] uncategorized error: Error: supabaseKey is required.
2026-07-25 03:11:58 +02:00:     at <unknown> (src/lib/flows/admin-client.ts:10:20)
2026-07-25 03:11:58 +02:00:     at a (src/lib/zernio/store.ts:87:14)
2026-07-25 03:11:58 +02:00:     at v (src/app/api/zernio/config/route.ts:24:30)
2026-07-25 03:11:58 +02:00: [toErrorResponse] uncategorized error: Error: Zernio API error (401): Unauthorized
2026-07-25 03:11:58 +02:00:     at n (src/lib/zernio/client.ts:68:11)
2026-07-25 03:11:58 +02:00:     at async c (src/lib/zernio/client.ts:218:16)
2026-07-25 03:11:58 +02:00:     at async p (src/lib/zernio/client.ts:257:20)
2026-07-25 03:11:58 +02:00:     at async y (src/app/api/zernio/webhook-config/route.ts:27:22)
2026-07-25 03:29:25 +02:00: [zernio/client] ZERNIO_API_KEY is not set in environment. Zernio API calls will fail until it is configured.
2026-07-25 08:45:52 +02:00: Error: Failed to find Server Action "x". This request might be from an older or newer deployment.
2026-07-25 08:45:52 +02:00: Read more: https://nextjs.org/docs/messages/failed-to-find-server-action
2026-07-25 08:45:52 +02:00:     at ignore-listed frames
2026-07-26 14:21:29 +02:00: Error: Failed to find Server Action "x". This request might be from an older or newer deployment.
2026-07-26 14:21:29 +02:00: Read more: https://nextjs.org/docs/messages/failed-to-find-server-action
2026-07-26 14:21:29 +02:00:     at ignore-listed frames
2026-07-26 14:30:27 +02:00: Error: Failed to find Server Action "x". This request might be from an older or newer deployment.
2026-07-26 14:30:27 +02:00: Read more: https://nextjs.org/docs/messages/failed-to-find-server-action
2026-07-26 14:30:27 +02:00:     at ignore-listed frames
2026-07-27 12:43:24 +02:00: Error: Failed to find Server Action "x". This request might be from an older or newer deployment.
2026-07-27 12:43:24 +02:00: Read more: https://nextjs.org/docs/messages/failed-to-find-server-action
2026-07-27 12:43:24 +02:00:     at ignore-listed frames
2026-07-27 14:17:05 +02:00: Error: Failed to find Server Action "x". This request might be from an older or newer deployment.
2026-07-27 14:17:05 +02:00: Read more: https://nextjs.org/docs/messages/failed-to-find-server-action
2026-07-27 14:17:05 +02:00:     at ignore-listed frames
2026-07-27 14:57:06 +02:00: Error: Failed to find Server Action "1". This request might be from an older or newer deployment.
2026-07-27 14:57:06 +02:00: Read more: https://nextjs.org/docs/messages/failed-to-find-server-action
2026-07-27 14:57:06 +02:00:     at ignore-listed frames
2026-07-27 14:57:10 +02:00: Error: Failed to find Server Action "1". This request might be from an older or newer deployment.
2026-07-27 14:57:10 +02:00: Read more: https://nextjs.org/docs/messages/failed-to-find-server-action
2026-07-27 14:57:10 +02:00:     at ignore-listed frames
2026-07-27 16:41:07 +02:00: Error: Failed to find Server Action "52c4e9591550894d5a48d07de6ae314ae6607f05". This request might be from an older or newer deployment.
2026-07-27 16:41:07 +02:00: Read more: https://nextjs.org/docs/messages/failed-to-find-server-action
2026-07-27 16:41:07 +02:00:     at ignore-listed frames
2026-07-27 16:41:07 +02:00: Error: Failed to find Server Action "4fc1d36066f0f0a065daad0738b5a2f841dd9260". This request might be from an older or newer deployment.
2026-07-27 16:41:07 +02:00: Read more: https://nextjs.org/docs/messages/failed-to-find-server-action
2026-07-27 16:41:07 +02:00:     at ignore-listed frames
2026-07-27 16:41:08 +02:00: Error: Failed to find Server Action "52aaff229050c92e37d58d88cb24a29ec45a57ef". This request might be from an older or newer deployment.
2026-07-27 16:41:08 +02:00: Read more: https://nextjs.org/docs/messages/failed-to-find-server-action
2026-07-27 16:41:08 +02:00:     at ignore-listed frames
2026-07-27 16:41:09 +02:00: Error: Failed to find Server Action "1f6de18641cb6b9e716bbb757e77ff382e9489d2". This request might be from an older or newer deployment.
2026-07-27 16:41:09 +02:00: Read more: https://nextjs.org/docs/messages/failed-to-find-server-action
2026-07-27 16:41:09 +02:00:     at ignore-listed frames
2026-07-27 16:41:10 +02:00: Error: Failed to find Server Action "4304f5b3690a1a8b92b64796d60ae73ca55decff". This request might be from an older or newer deployment.
2026-07-27 16:41:10 +02:00: Read more: https://nextjs.org/docs/messages/failed-to-find-server-action
2026-07-27 16:41:10 +02:00:     at ignore-listed frames
2026-07-27 16:41:11 +02:00: Error: Failed to find Server Action "038606e388b3272bd16f4995baf822428756fa6c". This request might be from an older or newer deployment.
2026-07-27 16:41:11 +02:00: Read more: https://nextjs.org/docs/messages/failed-to-find-server-action
2026-07-27 16:41:11 +02:00:     at ignore-listed frames
2026-07-27 16:41:12 +02:00: Error: Failed to find Server Action "b47a51d1420b957a6fb489c343a0fc77a47fef5f". This request might be from an older or newer deployment.
2026-07-27 16:41:12 +02:00: Read more: https://nextjs.org/docs/messages/failed-to-find-server-action
2026-07-27 16:41:12 +02:00:     at ignore-listed frames
2026-07-27 16:41:12 +02:00: Error: Failed to find Server Action "95910733ba799e4aa906b5111e9c40a273010264". This request might be from an older or newer deployment.
2026-07-27 16:41:12 +02:00: Read more: https://nextjs.org/docs/messages/failed-to-find-server-action
2026-07-27 16:41:12 +02:00:     at ignore-listed frames
2026-07-27 16:41:13 +02:00: Error: Failed to find Server Action "c1f49c2d192f4bd4b236bf7752cf30325e6e7d47". This request might be from an older or newer deployment.
2026-07-27 16:41:13 +02:00: Read more: https://nextjs.org/docs/messages/failed-to-find-server-action
2026-07-27 16:41:13 +02:00:     at ignore-listed frames
2026-07-27 16:41:14 +02:00: Error: Failed to find Server Action "96b9599634d06e79895c8b332d6bc1eb47da8524". This request might be from an older or newer deployment.
2026-07-27 16:41:14 +02:00: Read more: https://nextjs.org/docs/messages/failed-to-find-server-action
2026-07-27 16:41:14 +02:00:     at ignore-listed frames
2026-07-27 16:41:16 +02:00: Error: Failed to find Server Action "1ff181d960d2e5a53b0cc8c6bac6e69ac420ec5a". This request might be from an older or newer deployment.
2026-07-27 16:41:16 +02:00: Read more: https://nextjs.org/docs/messages/failed-to-find-server-action
2026-07-27 16:41:16 +02:00:     at ignore-listed frames
2026-07-27 16:41:17 +02:00: Error: Failed to find Server Action "2603b647c7e9de24e887a9910a5b2dd4110d42a5". This request might be from an older or newer deployment.
2026-07-27 16:41:17 +02:00: Read more: https://nextjs.org/docs/messages/failed-to-find-server-action
2026-07-27 16:41:17 +02:00:     at ignore-listed frames
2026-07-27 16:41:18 +02:00: Error: Failed to find Server Action "817044fbb150948c3483970d10f933b7ddfe4c6f". This request might be from an older or newer deployment.
2026-07-27 16:41:18 +02:00: Read more: https://nextjs.org/docs/messages/failed-to-find-server-action
2026-07-27 16:41:18 +02:00:     at ignore-listed frames
2026-07-27 16:41:19 +02:00: Error: Failed to find Server Action "6b9d919f162bc9f3de626e5a1ed23f2bbd3720a5". This request might be from an older or newer deployment.
2026-07-27 16:41:19 +02:00: Read more: https://nextjs.org/docs/messages/failed-to-find-server-action
2026-07-27 16:41:19 +02:00:     at ignore-listed frames
2026-07-27 16:41:19 +02:00: Error: Failed to find Server Action "cede956ffe1c9188f771ac2906b66e126da83a71". This request might be from an older or newer deployment.
2026-07-27 16:41:19 +02:00: Read more: https://nextjs.org/docs/messages/failed-to-find-server-action
2026-07-27 16:41:19 +02:00:     at ignore-listed frames
2026-07-27 16:41:20 +02:00: Error: Failed to find Server Action "185a4b1d908df1414f9919568b5387a2745764c6". This request might be from an older or newer deployment.
2026-07-27 16:41:20 +02:00: Read more: https://nextjs.org/docs/messages/failed-to-find-server-action
2026-07-27 16:41:20 +02:00:     at ignore-listed frames
2026-07-27 16:41:21 +02:00: Error: Failed to find Server Action "ef86a9e72efaa89246688740cac9ed6914094199". This request might be from an older or newer deployment.
2026-07-27 16:41:21 +02:00: Read more: https://nextjs.org/docs/messages/failed-to-find-server-action
2026-07-27 16:41:21 +02:00:     at ignore-listed frames
2026-07-27 16:41:22 +02:00: Error: Failed to find Server Action "45e1ec6f02f8aa8573d57598cb0e0ace4e5403e9". This request might be from an older or newer deployment.
2026-07-27 16:41:22 +02:00: Read more: https://nextjs.org/docs/messages/failed-to-find-server-action
2026-07-27 16:41:22 +02:00:     at ignore-listed frames
2026-07-27 16:41:23 +02:00: Error: Failed to find Server Action "6137e5556499eb0a99fcbfcdbdb527d62fe930fa". This request might be from an older or newer deployment.
2026-07-27 16:41:23 +02:00: Read more: https://nextjs.org/docs/messages/failed-to-find-server-action
2026-07-27 16:41:23 +02:00:     at ignore-listed frames
2026-07-27 16:41:23 +02:00: Error: Failed to find Server Action "c130f5cb97ca080ae147861364b9e3c5646cf139". This request might be from an older or newer deployment.
2026-07-27 16:41:23 +02:00: Read more: https://nextjs.org/docs/messages/failed-to-find-server-action
2026-07-27 16:41:23 +02:00:     at ignore-listed frames
2026-07-27 16:41:24 +02:00: Error: Failed to find Server Action "f5b7d3c398b0b5dfd49c62c9356aad5d92496c36". This request might be from an older or newer deployment.
2026-07-27 16:41:24 +02:00: Read more: https://nextjs.org/docs/messages/failed-to-find-server-action
2026-07-27 16:41:24 +02:00:     at ignore-listed frames
2026-07-27 16:41:25 +02:00: Error: Failed to find Server Action "cd6cf5be4cf1e90d86385c3f1e337686565a7249". This request might be from an older or newer deployment.
2026-07-27 16:41:25 +02:00: Read more: https://nextjs.org/docs/messages/failed-to-find-server-action
2026-07-27 16:41:25 +02:00:     at ignore-listed frames
2026-07-27 16:41:26 +02:00: Error: Failed to find Server Action "95e276378afa2e8a786f6ee41c90e082d3b79192". This request might be from an older or newer deployment.
2026-07-27 16:41:26 +02:00: Read more: https://nextjs.org/docs/messages/failed-to-find-server-action
2026-07-27 16:41:26 +02:00:     at ignore-listed frames
2026-07-27 16:41:27 +02:00: Error: Failed to find Server Action "6600d64f541877d8014d34d0955251bd2e4aab41". This request might be from an older or newer deployment.
2026-07-27 16:41:27 +02:00: Read more: https://nextjs.org/docs/messages/failed-to-find-server-action
2026-07-27 16:41:27 +02:00:     at ignore-listed frames
2026-07-27 16:41:28 +02:00: Error: Failed to find Server Action "4345e37f3c49c3573a28f45ce9dcca13684de9ca". This request might be from an older or newer deployment.
2026-07-27 16:41:28 +02:00: Read more: https://nextjs.org/docs/messages/failed-to-find-server-action
2026-07-27 16:41:28 +02:00:     at ignore-listed frames
2026-07-27 16:41:28 +02:00: Error: Failed to find Server Action "900ca4c790acfedcd5ef35c823ee8143a5ea6bc6". This request might be from an older or newer deployment.
2026-07-27 16:41:28 +02:00: Read more: https://nextjs.org/docs/messages/failed-to-find-server-action
2026-07-27 16:41:28 +02:00:     at ignore-listed frames
2026-07-27 16:41:29 +02:00: Error: Failed to find Server Action "751c490b2ac3327bd2469919c67efd815f0ccb03". This request might be from an older or newer deployment.
2026-07-27 16:41:29 +02:00: Read more: https://nextjs.org/docs/messages/failed-to-find-server-action
2026-07-27 16:41:29 +02:00:     at ignore-listed frames
2026-07-27 16:41:30 +02:00: Error: Failed to find Server Action "ec3a3c61bb009ec6ad9b4f8cbe0e07395e003e13". This request might be from an older or newer deployment.
2026-07-27 16:41:30 +02:00: Read more: https://nextjs.org/docs/messages/failed-to-find-server-action
2026-07-27 16:41:30 +02:00:     at ignore-listed frames
2026-07-27 16:41:31 +02:00: Error: Failed to find Server Action "eb0190ccc75708925e6176ceec8f115c8448310a". This request might be from an older or newer deployment.
2026-07-27 16:41:31 +02:00: Read more: https://nextjs.org/docs/messages/failed-to-find-server-action
2026-07-27 16:41:31 +02:00:     at ignore-listed frames
2026-07-27 16:41:32 +02:00: Error: Failed to find Server Action "b8973c00183739118bf3fc234a355bfee329b808". This request might be from an older or newer deployment.
2026-07-27 16:41:32 +02:00: Read more: https://nextjs.org/docs/messages/failed-to-find-server-action
2026-07-27 16:41:32 +02:00:     at ignore-listed frames
2026-07-27 16:41:33 +02:00: Error: Failed to find Server Action "4e9237424025ca3ba83321b0dae748fb1f3bf7a7". This request might be from an older or newer deployment.
2026-07-27 16:41:33 +02:00: Read more: https://nextjs.org/docs/messages/failed-to-find-server-action
2026-07-27 16:41:33 +02:00:     at ignore-listed frames
2026-07-27 16:41:34 +02:00: Error: Failed to find Server Action "3db2ef6a2f2ad501b35392b4204fd1f46ac7b22f". This request might be from an older or newer deployment.
2026-07-27 16:41:34 +02:00: Read more: https://nextjs.org/docs/messages/failed-to-find-server-action
2026-07-27 16:41:34 +02:00:     at ignore-listed frames
2026-07-27 16:41:35 +02:00: Error: Failed to find Server Action "e8fb53b4e9f335ae378aadbdbe36f24c5fabd55d". This request might be from an older or newer deployment.
2026-07-27 16:41:35 +02:00: Read more: https://nextjs.org/docs/messages/failed-to-find-server-action
2026-07-27 16:41:35 +02:00:     at ignore-listed frames
2026-07-27 16:41:36 +02:00: Error: Failed to find Server Action "fc217ac58073b786db8cd168627dd808bc0ea475". This request might be from an older or newer deployment.
2026-07-27 16:41:36 +02:00: Read more: https://nextjs.org/docs/messages/failed-to-find-server-action
2026-07-27 16:41:36 +02:00:     at ignore-listed frames
2026-07-27 16:41:37 +02:00: Error: Failed to find Server Action "9c80b365330ce23b5e9189a9a515b0ae2f20d5c5". This request might be from an older or newer deployment.
2026-07-27 16:41:37 +02:00: Read more: https://nextjs.org/docs/messages/failed-to-find-server-action
2026-07-27 16:41:37 +02:00:     at ignore-listed frames
2026-07-27 16:41:38 +02:00: Error: Failed to find Server Action "978552a312feb5b0df2efc3bcf2efc1b5aa1d764". This request might be from an older or newer deployment.
2026-07-27 16:41:38 +02:00: Read more: https://nextjs.org/docs/messages/failed-to-find-server-action
2026-07-27 16:41:38 +02:00:     at ignore-listed frames
2026-07-27 16:41:40 +02:00: Error: Failed to find Server Action "affe66b81312cda0ae12a5109a120d100c4abcac". This request might be from an older or newer deployment.
2026-07-27 16:41:40 +02:00: Read more: https://nextjs.org/docs/messages/failed-to-find-server-action
2026-07-27 16:41:40 +02:00:     at ignore-listed frames
2026-07-27 16:41:41 +02:00: Error: Failed to find Server Action "00230ff34e1f1d84c23bc1cdfa169a2ec57d2f5c". This request might be from an older or newer deployment.
2026-07-27 16:41:41 +02:00: Read more: https://nextjs.org/docs/messages/failed-to-find-server-action
2026-07-27 16:41:41 +02:00:     at ignore-listed frames
2026-07-27 16:41:41 +02:00: Error: Failed to find Server Action "952d15128caa1d1c4d43c0d30290f41b61c6b2b8". This request might be from an older or newer deployment.
2026-07-27 16:41:41 +02:00: Read more: https://nextjs.org/docs/messages/failed-to-find-server-action
2026-07-27 16:41:41 +02:00:     at ignore-listed frames
2026-07-27 16:41:42 +02:00: Error: Failed to find Server Action "64a9c09d0776724149e5cda5b29532274bae8cf6". This request might be from an older or newer deployment.
2026-07-27 16:41:42 +02:00: Read more: https://nextjs.org/docs/messages/failed-to-find-server-action
2026-07-27 16:41:42 +02:00:     at ignore-listed frames
2026-07-27 16:41:43 +02:00: Error: Failed to find Server Action "2efa9c31a6a66cc5ed818cc1417503589d9ba63d". This request might be from an older or newer deployment.
2026-07-27 16:41:43 +02:00: Read more: https://nextjs.org/docs/messages/failed-to-find-server-action
2026-07-27 16:41:43 +02:00:     at ignore-listed frames
2026-07-27 16:41:44 +02:00: Error: Failed to find Server Action "238426dd3150fa30c5aa64869f7fcadff7a5e7ce". This request might be from an older or newer deployment.
2026-07-27 16:41:44 +02:00: Read more: https://nextjs.org/docs/messages/failed-to-find-server-action
2026-07-27 16:41:44 +02:00:     at ignore-listed frames
2026-07-27 16:41:44 +02:00: Error: Failed to find Server Action "50f3e95ed1001fb7ed920f7e9c12b6e3f087bf5d". This request might be from an older or newer deployment.
2026-07-27 16:41:44 +02:00: Read more: https://nextjs.org/docs/messages/failed-to-find-server-action
2026-07-27 16:41:44 +02:00:     at ignore-listed frames
2026-07-27 16:41:45 +02:00: Error: Failed to find Server Action "fd7f6725fe8844fbdbe2bd0eaedf86f9f870c8c7". This request might be from an older or newer deployment.
2026-07-27 16:41:45 +02:00: Read more: https://nextjs.org/docs/messages/failed-to-find-server-action
2026-07-27 16:41:45 +02:00:     at ignore-listed frames
2026-07-28 05:42:26 +02:00: Error: Failed to find Server Action "x". This request might be from an older or newer deployment.
2026-07-28 05:42:26 +02:00: Read more: https://nextjs.org/docs/messages/failed-to-find-server-action
2026-07-28 05:42:26 +02:00:     at ignore-listed frames
2026-07-28 06:06:57 +02:00: Error: Failed to find Server Action "x". This request might be from an older or newer deployment.
2026-07-28 06:06:57 +02:00: Read more: https://nextjs.org/docs/messages/failed-to-find-server-action
2026-07-28 06:06:57 +02:00:     at ignore-listed frames
2026-07-28 06:06:58 +02:00: Error: Failed to find Server Action "x". This request might be from an older or newer deployment.
2026-07-28 06:06:58 +02:00: Read more: https://nextjs.org/docs/messages/failed-to-find-server-action
2026-07-28 06:06:58 +02:00:     at ignore-listed frames
2026-07-28 06:44:52 +02:00: Error: Failed to find Server Action "x". This request might be from an older or newer deployment.
2026-07-28 06:44:52 +02:00: Read more: https://nextjs.org/docs/messages/failed-to-find-server-action
2026-07-28 06:44:52 +02:00:     at ignore-listed frames
2026-07-28 13:38:25 +02:00: Error: Failed to find Server Action "x". This request might be from an older or newer deployment.
2026-07-28 13:38:25 +02:00: Read more: https://nextjs.org/docs/messages/failed-to-find-server-action
2026-07-28 13:38:25 +02:00:     at ignore-listed frames
2026-07-28 13:38:26 +02:00: Error: Failed to find Server Action "x". This request might be from an older or newer deployment.
2026-07-28 13:38:26 +02:00: Read more: https://nextjs.org/docs/messages/failed-to-find-server-action
2026-07-28 13:38:26 +02:00:     at ignore-listed frames
2026-07-28 13:38:27 +02:00: Error: Failed to find Server Action "x". This request might be from an older or newer deployment.
2026-07-28 13:38:27 +02:00: Read more: https://nextjs.org/docs/messages/failed-to-find-server-action
2026-07-28 13:38:27 +02:00:     at ignore-listed frames
2026-07-28 13:38:27 +02:00: Error: Failed to find Server Action "x". This request might be from an older or newer deployment.
2026-07-28 13:38:27 +02:00: Read more: https://nextjs.org/docs/messages/failed-to-find-server-action
2026-07-28 13:38:27 +02:00:     at ignore-listed frames
2026-07-28 13:38:28 +02:00: Error: Failed to find Server Action "x". This request might be from an older or newer deployment.
2026-07-28 13:38:28 +02:00: Read more: https://nextjs.org/docs/messages/failed-to-find-server-action
2026-07-28 13:38:28 +02:00:     at ignore-listed frames
2026-07-28 13:38:28 +02:00: Error: Failed to find Server Action "x". This request might be from an older or newer deployment.
2026-07-28 13:38:28 +02:00: Read more: https://nextjs.org/docs/messages/failed-to-find-server-action
2026-07-28 13:38:28 +02:00:     at ignore-listed frames
2026-07-28 23:41:13 +02:00: Error: Failed to find Server Action "x". This request might be from an older or newer deployment.
2026-07-28 23:41:13 +02:00: Read more: https://nextjs.org/docs/messages/failed-to-find-server-action
2026-07-28 23:41:13 +02:00:     at ignore-listed frames
2026-07-28 23:41:14 +02:00: Error: Failed to find Server Action "x". This request might be from an older or newer deployment.
2026-07-28 23:41:14 +02:00: Read more: https://nextjs.org/docs/messages/failed-to-find-server-action
2026-07-28 23:41:14 +02:00:     at ignore-listed frames
2026-07-29 02:49:58 +02:00: Error: Failed to find Server Action "x". This request might be from an older or newer deployment.
2026-07-29 02:49:58 +02:00: Read more: https://nextjs.org/docs/messages/failed-to-find-server-action
2026-07-29 02:49:58 +02:00:     at ignore-listed frames
2026-07-29 04:06:32 +02:00: Error: Failed to find Server Action "x". This request might be from an older or newer deployment.
2026-07-29 04:06:32 +02:00: Read more: https://nextjs.org/docs/messages/failed-to-find-server-action
2026-07-29 04:06:32 +02:00:     at ignore-listed frames
2026-07-29 14:14:45 +02:00: Error: Failed to find Server Action "x". This request might be from an older or newer deployment.
2026-07-29 14:14:45 +02:00: Read more: https://nextjs.org/docs/messages/failed-to-find-server-action
2026-07-29 14:14:45 +02:00:     at ignore-listed frames
2026-07-29 20:12:17 +02:00: Error: Failed to find Server Action "932b84263abecdbc2a621dd19bb08b5182735536d17fcd840b8f50761a54480c". This request might be from an older or newer deployment.
2026-07-29 20:12:17 +02:00: Read more: https://nextjs.org/docs/messages/failed-to-find-server-action
2026-07-29 20:12:17 +02:00:     at ignore-listed frames
2026-07-29 20:12:17 +02:00: Error: Failed to find Server Action "932b84263abecdbc2a621dd19bb08b5182735536d17fcd840b8f50761a54480c". This request might be from an older or newer deployment.
2026-07-29 20:12:17 +02:00: Read more: https://nextjs.org/docs/messages/failed-to-find-server-action
2026-07-29 20:12:17 +02:00:     at ignore-listed frames
2026-07-30 05:40:09 +02:00: Error: Failed to find Server Action "x". This request might be from an older or newer deployment.
2026-07-30 05:40:09 +02:00: Read more: https://nextjs.org/docs/messages/failed-to-find-server-action
2026-07-30 05:40:09 +02:00:     at ignore-listed frames
2026-07-30 07:31:47 +02:00: Error: Failed to find Server Action "x". This request might be from an older or newer deployment.
2026-07-30 07:31:47 +02:00: Read more: https://nextjs.org/docs/messages/failed-to-find-server-action
2026-07-30 07:31:47 +02:00:     at ignore-listed frames
2026-07-30 07:31:48 +02:00: Error: Failed to find Server Action "x". This request might be from an older or newer deployment.
2026-07-30 07:31:48 +02:00: Read more: https://nextjs.org/docs/messages/failed-to-find-server-action
2026-07-30 07:31:48 +02:00:     at ignore-listed frames
2026-07-30 07:31:49 +02:00: Error: Failed to find Server Action "x". This request might be from an older or newer deployment.
2026-07-30 07:31:49 +02:00: Read more: https://nextjs.org/docs/messages/failed-to-find-server-action
2026-07-30 07:31:49 +02:00:     at ignore-listed frames
2026-07-30 07:31:49 +02:00: Error: Failed to find Server Action "x". This request might be from an older or newer deployment.
2026-07-30 07:31:49 +02:00: Read more: https://nextjs.org/docs/messages/failed-to-find-server-action
2026-07-30 07:31:49 +02:00:     at ignore-listed frames
2026-07-30 07:31:49 +02:00: Error: Failed to find Server Action "x". This request might be from an older or newer deployment.
2026-07-30 07:31:49 +02:00: Read more: https://nextjs.org/docs/messages/failed-to-find-server-action
2026-07-30 07:31:49 +02:00:     at ignore-listed frames
2026-07-30 07:31:50 +02:00: Error: Failed to find Server Action "x". This request might be from an older or newer deployment.
2026-07-30 07:31:50 +02:00: Read more: https://nextjs.org/docs/messages/failed-to-find-server-action
2026-07-30 07:31:50 +02:00:     at ignore-listed frames
2026-07-30 13:50:21 +02:00: Error: Failed to find Server Action "x". This request might be from an older or newer deployment.
2026-07-30 13:50:21 +02:00: Read more: https://nextjs.org/docs/messages/failed-to-find-server-action
2026-07-30 13:50:21 +02:00:     at ignore-listed frames
2026-07-30 19:22:10 +02:00: Error: Failed to find Server Action "x". This request might be from an older or newer deployment.
2026-07-30 19:22:10 +02:00: Read more: https://nextjs.org/docs/messages/failed-to-find-server-action
2026-07-30 19:22:10 +02:00:     at ignore-listed frames
2026-07-30 19:22:12 +02:00: Error: Failed to find Server Action "x". This request might be from an older or newer deployment.
2026-07-30 19:22:12 +02:00: Read more: https://nextjs.org/docs/messages/failed-to-find-server-action
2026-07-30 19:22:12 +02:00:     at ignore-listed frames
2026-07-30 19:22:13 +02:00: Error: Failed to find Server Action "x". This request might be from an older or newer deployment.
2026-07-30 19:22:13 +02:00: Read more: https://nextjs.org/docs/messages/failed-to-find-server-action
2026-07-30 19:22:13 +02:00:     at ignore-listed frames
2026-07-30 19:22:15 +02:00: Error: Failed to find Server Action "x". This request might be from an older or newer deployment.
2026-07-30 19:22:15 +02:00: Read more: https://nextjs.org/docs/messages/failed-to-find-server-action
2026-07-30 19:22:15 +02:00:     at ignore-listed frames
2026-07-30 19:22:17 +02:00: Error: Failed to find Server Action "x". This request might be from an older or newer deployment.
2026-07-30 19:22:17 +02:00: Read more: https://nextjs.org/docs/messages/failed-to-find-server-action
2026-07-30 19:22:17 +02:00:     at ignore-listed frames
2026-07-30 19:22:18 +02:00: Error: Failed to find Server Action "x". This request might be from an older or newer deployment.
2026-07-30 19:22:18 +02:00: Read more: https://nextjs.org/docs/messages/failed-to-find-server-action
2026-07-30 19:22:18 +02:00:     at ignore-listed frames
2026-07-30 19:22:20 +02:00: Error: Failed to find Server Action "x". This request might be from an older or newer deployment.
2026-07-30 19:22:20 +02:00: Read more: https://nextjs.org/docs/messages/failed-to-find-server-action
2026-07-30 19:22:20 +02:00:     at ignore-listed frames
2026-07-30 19:22:21 +02:00: Error: Failed to find Server Action "x". This request might be from an older or newer deployment.
2026-07-30 19:22:21 +02:00: Read more: https://nextjs.org/docs/messages/failed-to-find-server-action
2026-07-30 19:22:21 +02:00:     at ignore-listed frames
2026-07-30 19:22:23 +02:00: Error: Failed to find Server Action "x". This request might be from an older or newer deployment.
2026-07-30 19:22:23 +02:00: Read more: https://nextjs.org/docs/messages/failed-to-find-server-action
2026-07-30 19:22:23 +02:00:     at ignore-listed frames
2026-07-30 19:22:25 +02:00: Error: Failed to find Server Action "x". This request might be from an older or newer deployment.
2026-07-30 19:22:25 +02:00: Read more: https://nextjs.org/docs/messages/failed-to-find-server-action
2026-07-30 19:22:25 +02:00:     at ignore-listed frames
2026-07-30 19:22:27 +02:00: Error: Failed to find Server Action "x". This request might be from an older or newer deployment.
2026-07-30 19:22:27 +02:00: Read more: https://nextjs.org/docs/messages/failed-to-find-server-action
2026-07-30 19:22:27 +02:00:     at ignore-listed frames
2026-07-30 19:22:29 +02:00: Error: Failed to find Server Action "x". This request might be from an older or newer deployment.
2026-07-30 19:22:29 +02:00: Read more: https://nextjs.org/docs/messages/failed-to-find-server-action
2026-07-30 19:22:29 +02:00:     at ignore-listed frames
2026-07-30 19:22:31 +02:00: Error: Failed to find Server Action "x". This request might be from an older or newer deployment.
2026-07-30 19:22:31 +02:00: Read more: https://nextjs.org/docs/messages/failed-to-find-server-action
2026-07-30 19:22:31 +02:00:     at ignore-listed frames
2026-07-30 19:22:33 +02:00: Error: Failed to find Server Action "x". This request might be from an older or newer deployment.
2026-07-30 19:22:33 +02:00: Read more: https://nextjs.org/docs/messages/failed-to-find-server-action
2026-07-30 19:22:33 +02:00:     at ignore-listed frames
2026-07-30 19:22:35 +02:00: Error: Failed to find Server Action "x". This request might be from an older or newer deployment.
2026-07-30 19:22:35 +02:00: Read more: https://nextjs.org/docs/messages/failed-to-find-server-action
2026-07-30 19:22:35 +02:00:     at ignore-listed frames
2026-07-30 19:22:38 +02:00: Error: Failed to find Server Action "x". This request might be from an older or newer deployment.
2026-07-30 19:22:38 +02:00: Read more: https://nextjs.org/docs/messages/failed-to-find-server-action
2026-07-30 19:22:38 +02:00:     at ignore-listed frames
2026-07-31 07:22:38 +02:00: Error: Failed to find Server Action "x". This request might be from an older or newer deployment.
2026-07-31 07:22:38 +02:00: Read more: https://nextjs.org/docs/messages/failed-to-find-server-action
2026-07-31 07:22:38 +02:00:     at ignore-listed frames
2026-07-31 11:17:41 +02:00: Error: Failed to find Server Action "x". This request might be from an older or newer deployment.
2026-07-31 11:17:41 +02:00: Read more: https://nextjs.org/docs/messages/failed-to-find-server-action
2026-07-31 11:17:41 +02:00:     at ignore-listed frames
2026-07-31 13:40:05 +02:00: Error: Failed to find Server Action "x". This request might be from an older or newer deployment.
2026-07-31 13:40:05 +02:00: Read more: https://nextjs.org/docs/messages/failed-to-find-server-action
2026-07-31 13:40:05 +02:00:     at ignore-listed frames
2026-07-31 13:40:06 +02:00: Error: Failed to find Server Action "x". This request might be from an older or newer deployment.
2026-07-31 13:40:06 +02:00: Read more: https://nextjs.org/docs/messages/failed-to-find-server-action
2026-07-31 13:40:06 +02:00:     at ignore-listed frames
2026-07-31 13:40:07 +02:00: Error: Failed to find Server Action "x". This request might be from an older or newer deployment.
2026-07-31 13:40:07 +02:00: Read more: https://nextjs.org/docs/messages/failed-to-find-server-action
2026-07-31 13:40:07 +02:00:     at ignore-listed frames
2026-07-31 13:40:08 +02:00: Error: Failed to find Server Action "x". This request might be from an older or newer deployment.
2026-07-31 13:40:08 +02:00: Read more: https://nextjs.org/docs/messages/failed-to-find-server-action
2026-07-31 13:40:08 +02:00:     at ignore-listed frames
2026-07-31 13:40:08 +02:00: Error: Failed to find Server Action "x". This request might be from an older or newer deployment.
2026-07-31 13:40:08 +02:00: Read more: https://nextjs.org/docs/messages/failed-to-find-server-action
2026-07-31 13:40:08 +02:00:     at ignore-listed frames
2026-07-31 13:40:09 +02:00: Error: Failed to find Server Action "x". This request might be from an older or newer deployment.
2026-07-31 13:40:09 +02:00: Read more: https://nextjs.org/docs/messages/failed-to-find-server-action
2026-07-31 13:40:09 +02:00:     at ignore-listed frames
2026-07-31 19:03:59 +02:00: Error: Failed to find Server Action "x". This request might be from an older or newer deployment.
2026-07-31 19:03:59 +02:00: Read more: https://nextjs.org/docs/messages/failed-to-find-server-action
2026-07-31 19:03:59 +02:00:     at ignore-listed frames
2026-07-31 19:04:00 +02:00: Error: Failed to find Server Action "x". This request might be from an older or newer deployment.
2026-07-31 19:04:00 +02:00: Read more: https://nextjs.org/docs/messages/failed-to-find-server-action
2026-07-31 19:04:00 +02:00:     at ignore-listed frames
2026-08-01 02:57:17 +02:00: Error: Failed to find Server Action "x". This request might be from an older or newer deployment.
2026-08-01 02:57:17 +02:00: Read more: https://nextjs.org/docs/messages/failed-to-find-server-action
2026-08-01 02:57:17 +02:00:     at ignore-listed frames
2026-08-01 02:57:17 +02:00: Error: Failed to find Server Action "x". This request might be from an older or newer deployment.
2026-08-01 02:57:17 +02:00: Read more: https://nextjs.org/docs/messages/failed-to-find-server-action
2026-08-01 02:57:17 +02:00:     at ignore-listed frames
2026-08-01 05:14:21 +02:00: Error: Failed to find Server Action "x". This request might be from an older or newer deployment.
2026-08-01 05:14:21 +02:00: Read more: https://nextjs.org/docs/messages/failed-to-find-server-action
2026-08-01 05:14:21 +02:00:     at ignore-listed frames
2026-08-01 05:14:21 +02:00: Error: Failed to find Server Action "x". This request might be from an older or newer deployment.
2026-08-01 05:14:21 +02:00: Read more: https://nextjs.org/docs/messages/failed-to-find-server-action
2026-08-01 05:14:21 +02:00:     at ignore-listed frames
2026-08-01 07:53:09 +02:00: Error: Failed to find Server Action "x". This request might be from an older or newer deployment.
2026-08-01 07:53:09 +02:00: Read more: https://nextjs.org/docs/messages/failed-to-find-server-action
2026-08-01 07:53:09 +02:00:     at ignore-listed frames
2026-08-01 10:19:51 +02:00: Error: Failed to find Server Action "x". This request might be from an older or newer deployment.
2026-08-01 10:19:51 +02:00: Read more: https://nextjs.org/docs/messages/failed-to-find-server-action
2026-08-01 10:19:51 +02:00:     at ignore-listed frames
2026-08-01 11:21:25 +02:00: Error: Failed to find Server Action "x". This request might be from an older or newer deployment.
2026-08-01 11:21:25 +02:00: Read more: https://nextjs.org/docs/messages/failed-to-find-server-action
2026-08-01 11:21:25 +02:00:     at ignore-listed frames
2026-08-02 01:21:04 +02:00: Error: Failed to find Server Action "x". This request might be from an older or newer deployment.
2026-08-02 01:21:04 +02:00: Read more: https://nextjs.org/docs/messages/failed-to-find-server-action
2026-08-02 01:21:04 +02:00:     at ignore-listed frames
2026-08-02 03:50:45 +02:00: Error: Failed to find Server Action. This request might be from an older or newer deployment.
2026-08-02 03:50:45 +02:00: Read more: https://nextjs.org/docs/messages/failed-to-find-server-action
2026-08-02 03:50:45 +02:00:     at ignore-listed frames
2026-08-02 04:40:57 +02:00: Error: Failed to find Server Action. This request might be from an older or newer deployment.
2026-08-02 04:40:57 +02:00: Read more: https://nextjs.org/docs/messages/failed-to-find-server-action
2026-08-02 04:40:57 +02:00:     at ignore-listed frames
2026-08-02 04:41:07 +02:00: Error: Failed to find Server Action. This request might be from an older or newer deployment.
2026-08-02 04:41:07 +02:00: Read more: https://nextjs.org/docs/messages/failed-to-find-server-action
2026-08-02 04:41:07 +02:00:     at ignore-listed frames
2026-08-02 05:55:03 +02:00: Error: Failed to find Server Action "x". This request might be from an older or newer deployment.
2026-08-02 05:55:03 +02:00: Read more: https://nextjs.org/docs/messages/failed-to-find-server-action
2026-08-02 05:55:03 +02:00:     at ignore-listed frames
2026-08-02 05:55:05 +02:00: Error: Failed to find Server Action "x". This request might be from an older or newer deployment.
2026-08-02 05:55:05 +02:00: Read more: https://nextjs.org/docs/messages/failed-to-find-server-action
2026-08-02 05:55:05 +02:00:     at ignore-listed frames
2026-08-02 05:55:06 +02:00: Error: Failed to find Server Action "x". This request might be from an older or newer deployment.
2026-08-02 05:55:06 +02:00: Read more: https://nextjs.org/docs/messages/failed-to-find-server-action
2026-08-02 05:55:06 +02:00:     at ignore-listed frames
2026-08-02 05:55:07 +02:00: Error: Failed to find Server Action "x". This request might be from an older or newer deployment.
2026-08-02 05:55:07 +02:00: Read more: https://nextjs.org/docs/messages/failed-to-find-server-action
2026-08-02 05:55:07 +02:00:     at ignore-listed frames
2026-08-02 05:55:08 +02:00: Error: Failed to find Server Action "x". This request might be from an older or newer deployment.
2026-08-02 05:55:08 +02:00: Read more: https://nextjs.org/docs/messages/failed-to-find-server-action
2026-08-02 05:55:08 +02:00:     at ignore-listed frames
2026-08-02 05:55:08 +02:00: Error: Failed to find Server Action "x". This request might be from an older or newer deployment.
2026-08-02 05:55:08 +02:00: Read more: https://nextjs.org/docs/messages/failed-to-find-server-action
2026-08-02 05:55:08 +02:00:     at ignore-listed frames
2026-08-02 08:12:41 +02:00: Error: Failed to find Server Action "x". This request might be from an older or newer deployment.
2026-08-02 08:12:41 +02:00: Read more: https://nextjs.org/docs/messages/failed-to-find-server-action
2026-08-02 08:12:41 +02:00:     at ignore-listed frames
2026-08-02 14:52:14 +02:00: Error: Failed to find Server Action "x". This request might be from an older or newer deployment.
2026-08-02 14:52:14 +02:00: Read more: https://nextjs.org/docs/messages/failed-to-find-server-action
2026-08-02 14:52:14 +02:00:     at ignore-listed frames
2026-08-02 15:08:08 +02:00: Error: Failed to find Server Action. This request might be from an older or newer deployment.
2026-08-02 15:08:08 +02:00: Read more: https://nextjs.org/docs/messages/failed-to-find-server-action
2026-08-02 15:08:08 +02:00:     at ignore-listed frames
2026-08-02 20:54:39 +02:00: Error: Failed to find Server Action "1". This request might be from an older or newer deployment.
2026-08-02 20:54:39 +02:00: Read more: https://nextjs.org/docs/messages/failed-to-find-server-action
2026-08-02 20:54:39 +02:00:     at ignore-listed frames
2026-08-02 20:54:45 +02:00: Error: Failed to find Server Action "1". This request might be from an older or newer deployment.
2026-08-02 20:54:45 +02:00: Read more: https://nextjs.org/docs/messages/failed-to-find-server-action
2026-08-02 20:54:45 +02:00:     at ignore-listed frames
2026-08-02 21:06:02 +02:00: Error: Failed to find Server Action "1". This request might be from an older or newer deployment.
2026-08-02 21:06:02 +02:00: Read more: https://nextjs.org/docs/messages/failed-to-find-server-action
2026-08-02 21:06:02 +02:00:     at ignore-listed frames
2026-08-02 21:06:02 +02:00: Error: Failed to find Server Action "1". This request might be from an older or newer deployment.
2026-08-02 21:06:02 +02:00: Read more: https://nextjs.org/docs/messages/failed-to-find-server-action
2026-08-02 21:06:02 +02:00:     at ignore-listed frames
2026-08-02 21:06:06 +02:00: Error: Failed to find Server Action "1". This request might be from an older or newer deployment.
2026-08-02 21:06:06 +02:00: Read more: https://nextjs.org/docs/messages/failed-to-find-server-action
2026-08-02 21:06:06 +02:00:     at ignore-listed frames
2026-08-02 21:22:26 +02:00: Error: Failed to find Server Action "1". This request might be from an older or newer deployment.
2026-08-02 21:22:26 +02:00: Read more: https://nextjs.org/docs/messages/failed-to-find-server-action
2026-08-02 21:22:26 +02:00:     at ignore-listed frames
2026-08-02 21:22:27 +02:00: Error: Failed to find Server Action "1". This request might be from an older or newer deployment.
2026-08-02 21:22:27 +02:00: Read more: https://nextjs.org/docs/messages/failed-to-find-server-action
2026-08-02 21:22:27 +02:00:     at ignore-listed frames
2026-08-02 21:22:27 +02:00: Error: Failed to find Server Action "1". This request might be from an older or newer deployment.
2026-08-02 21:22:27 +02:00: Read more: https://nextjs.org/docs/messages/failed-to-find-server-action
2026-08-02 21:22:27 +02:00:     at ignore-listed frames
2026-08-02 21:22:27 +02:00: Error: Failed to find Server Action "1". This request might be from an older or newer deployment.
2026-08-02 21:22:27 +02:00: Read more: https://nextjs.org/docs/messages/failed-to-find-server-action
2026-08-02 21:22:27 +02:00:     at ignore-listed frames
2026-08-03 05:51:12 +02:00: Error: Failed to find Server Action "x". This request might be from an older or newer deployment.
2026-08-03 05:51:12 +02:00: Read more: https://nextjs.org/docs/messages/failed-to-find-server-action
2026-08-03 05:51:12 +02:00:     at ignore-listed frames
2026-08-03 08:09:17 +02:00: Error: Failed to find Server Action. This request might be from an older or newer deployment.
2026-08-03 08:09:17 +02:00: Read more: https://nextjs.org/docs/messages/failed-to-find-server-action
2026-08-03 08:09:17 +02:00:     at ignore-listed frames
2026-08-03 08:26:40 +02:00: Error: Failed to find Server Action "x". This request might be from an older or newer deployment.
2026-08-03 08:26:40 +02:00: Read more: https://nextjs.org/docs/messages/failed-to-find-server-action
2026-08-03 08:26:40 +02:00:     at ignore-listed frames
2026-08-03 10:02:58 +02:00: Error: Failed to find Server Action "x". This request might be from an older or newer deployment.
2026-08-03 10:02:58 +02:00: Read more: https://nextjs.org/docs/messages/failed-to-find-server-action
2026-08-03 10:02:58 +02:00:     at ignore-listed frames
2026-08-03 10:02:58 +02:00: Error: Failed to find Server Action "x". This request might be from an older or newer deployment.
2026-08-03 10:02:58 +02:00: Read more: https://nextjs.org/docs/messages/failed-to-find-server-action
2026-08-03 10:02:58 +02:00:     at ignore-listed frames
2026-08-03 12:36:26 +02:00: Error: Failed to find Server Action "x". This request might be from an older or newer deployment.
2026-08-03 12:36:26 +02:00: Read more: https://nextjs.org/docs/messages/failed-to-find-server-action
2026-08-03 12:36:26 +02:00:     at ignore-listed frames
2026-08-03 16:44:06 +02:00: Error: Failed to find Server Action "x". This request might be from an older or newer deployment.
2026-08-03 16:44:06 +02:00: Read more: https://nextjs.org/docs/messages/failed-to-find-server-action
2026-08-03 16:44:06 +02:00:     at ignore-listed frames
2026-08-03 16:44:11 +02:00: Error: Failed to find Server Action "x". This request might be from an older or newer deployment.
2026-08-03 16:44:11 +02:00: Read more: https://nextjs.org/docs/messages/failed-to-find-server-action
2026-08-03 16:44:11 +02:00:     at ignore-listed frames
2026-08-03 16:44:15 +02:00: Error: Failed to find Server Action "x". This request might be from an older or newer deployment.
2026-08-03 16:44:15 +02:00: Read more: https://nextjs.org/docs/messages/failed-to-find-server-action
2026-08-03 16:44:15 +02:00:     at ignore-listed frames
2026-08-03 16:44:19 +02:00: Error: Failed to find Server Action "x". This request might be from an older or newer deployment.
2026-08-03 16:44:19 +02:00: Read more: https://nextjs.org/docs/messages/failed-to-find-server-action
2026-08-03 16:44:19 +02:00:     at ignore-listed frames
2026-08-03 16:44:23 +02:00: Error: Failed to find Server Action "x". This request might be from an older or newer deployment.
2026-08-03 16:44:23 +02:00: Read more: https://nextjs.org/docs/messages/failed-to-find-server-action
2026-08-03 16:44:23 +02:00:     at ignore-listed frames
2026-08-03 20:33:09 +02:00: Error: Failed to find Server Action. This request might be from an older or newer deployment.
2026-08-03 20:33:09 +02:00: Read more: https://nextjs.org/docs/messages/failed-to-find-server-action
2026-08-03 20:33:09 +02:00:     at ignore-listed frames
2026-08-03 23:49:19 +02:00: Error: Failed to find Server Action "x". This request might be from an older or newer deployment.
2026-08-03 23:49:19 +02:00: Read more: https://nextjs.org/docs/messages/failed-to-find-server-action
2026-08-03 23:49:19 +02:00:     at ignore-listed frames
2026-08-03 23:49:20 +02:00: Error: Failed to find Server Action "x". This request might be from an older or newer deployment.
2026-08-03 23:49:20 +02:00: Read more: https://nextjs.org/docs/messages/failed-to-find-server-action
2026-08-03 23:49:20 +02:00:     at ignore-listed frames
2026-08-03 23:49:21 +02:00: Error: Failed to find Server Action "x". This request might be from an older or newer deployment.
2026-08-03 23:49:21 +02:00: Read more: https://nextjs.org/docs/messages/failed-to-find-server-action
2026-08-03 23:49:21 +02:00:     at ignore-listed frames
2026-08-03 23:49:21 +02:00: Error: Failed to find Server Action "x". This request might be from an older or newer deployment.
2026-08-03 23:49:21 +02:00: Read more: https://nextjs.org/docs/messages/failed-to-find-server-action
2026-08-03 23:49:21 +02:00:     at ignore-listed frames
2026-08-03 23:49:22 +02:00: Error: Failed to find Server Action "x". This request might be from an older or newer deployment.
2026-08-03 23:49:22 +02:00: Read more: https://nextjs.org/docs/messages/failed-to-find-server-action
2026-08-03 23:49:22 +02:00:     at ignore-listed frames
2026-08-03 23:49:22 +02:00: Error: Failed to find Server Action "x". This request might be from an older or newer deployment.
2026-08-03 23:49:22 +02:00: Read more: https://nextjs.org/docs/messages/failed-to-find-server-action
2026-08-03 23:49:22 +02:00:     at ignore-listed frames
2026-08-04 00:31:46 +02:00: Error: Failed to find Server Action. This request might be from an older or newer deployment.
2026-08-04 00:31:46 +02:00: Read more: https://nextjs.org/docs/messages/failed-to-find-server-action
2026-08-04 00:31:46 +02:00:     at ignore-listed frames
2026-08-04 00:56:05 +02:00: [zernio/client] ZERNIO_API_KEY is not set in environment. Zernio API calls will fail until it is configured.
2026-08-04 01:58:49 +02:00: [zernio/client] ZERNIO_API_KEY is not set in environment. Zernio API calls will fail until it is configured.
2026-08-04 02:27:14 +02:00: Error: Failed to find Server Action. This request might be from an older or newer deployment.
2026-08-04 02:27:14 +02:00: Read more: https://nextjs.org/docs/messages/failed-to-find-server-action
2026-08-04 02:27:14 +02:00:     at ignore-listed frames
2026-08-04 02:29:35 +02:00: [toErrorResponse] uncategorized error: Error: Zernio API error (401): Unauthorized
2026-08-04 02:29:35 +02:00:     at n (src/lib/zernio/client.ts:68:11)
2026-08-04 02:29:35 +02:00:     at async c (src/lib/zernio/client.ts:218:16)
2026-08-04 02:29:35 +02:00:     at async p (src/lib/zernio/client.ts:257:20)
2026-08-04 02:29:35 +02:00:     at async y (src/app/api/zernio/webhook-config/route.ts:27:22)
2026-08-04 02:29:51 +02:00: [toErrorResponse] uncategorized error: Error: Zernio API error (401): Unauthorized
2026-08-04 02:29:51 +02:00:     at n (src/lib/zernio/client.ts:68:11)
2026-08-04 02:29:51 +02:00:     at async c (src/lib/zernio/client.ts:218:16)
2026-08-04 02:29:51 +02:00:     at async p (src/lib/zernio/client.ts:257:20)
2026-08-04 02:29:51 +02:00:     at async y (src/app/api/zernio/webhook-config/route.ts:27:22)
2026-08-04 02:30:58 +02:00: [toErrorResponse] uncategorized error: Error: Zernio API error (401): Unauthorized
2026-08-04 02:30:58 +02:00:     at n (src/lib/zernio/client.ts:68:11)
2026-08-04 02:30:58 +02:00:     at async c (src/lib/zernio/client.ts:218:16)
2026-08-04 02:30:58 +02:00:     at async p (src/lib/zernio/client.ts:257:20)
2026-08-04 02:30:58 +02:00:     at async y (src/app/api/zernio/webhook-config/route.ts:27:22)
2026-08-04 02:34:23 +02:00: ⨯ Error [ChunkLoadError]: Failed to load chunk server/chunks/ssr/[root-of-the-server]__0i-tm9x._.js from module 690181
2026-08-04 02:34:23 +02:00:     at ignore-listed frames {
2026-08-04 02:34:23 +02:00:   digest: '3352747004',
2026-08-04 02:34:23 +02:00:   [cause]: Error: Cannot find module '/var/www/meucrm/.next/server/chunks/ssr/[root-of-the-server]__0i-tm9x._.js'
2026-08-04 02:34:23 +02:00:   Require stack:
2026-08-04 02:34:23 +02:00:   - /var/www/meucrm/.next/server/chunks/ssr/[turbopack]_runtime.js
2026-08-04 02:34:23 +02:00:   - /var/www/meucrm/.next/server/app/(auth)/forgot-password/page.js
2026-08-04 02:34:23 +02:00:   - /var/www/meucrm/node_modules/next/dist/server/require.js
2026-08-04 02:34:23 +02:00:   - /var/www/meucrm/node_modules/next/dist/server/next-server.js
2026-08-04 02:34:23 +02:00:   - /var/www/meucrm/node_modules/next/dist/server/next.js
2026-08-04 02:34:23 +02:00:   - /var/www/meucrm/node_modules/next/dist/server/lib/start-server.js
2026-08-04 02:34:23 +02:00:   - /var/www/meucrm/node_modules/next/dist/cli/next-start.js
2026-08-04 02:34:23 +02:00:       at ignore-listed frames {
2026-08-04 02:34:23 +02:00:     code: 'MODULE_NOT_FOUND',
2026-08-04 02:34:23 +02:00:     requireStack: [
2026-08-04 02:34:23 +02:00:       '/var/www/meucrm/.next/server/chunks/ssr/[turbopack]_runtime.js',
2026-08-04 02:34:23 +02:00:       '/var/www/meucrm/.next/server/app/(auth)/forgot-password/page.js',
2026-08-04 02:34:23 +02:00:       '/var/www/meucrm/node_modules/next/dist/server/require.js',
2026-08-04 02:34:23 +02:00:       '/var/www/meucrm/node_modules/next/dist/server/next-server.js',
2026-08-04 02:34:23 +02:00:       '/var/www/meucrm/node_modules/next/dist/server/next.js',
2026-08-04 02:34:23 +02:00:       '/var/www/meucrm/node_modules/next/dist/server/lib/start-server.js',
2026-08-04 02:34:23 +02:00:       '/var/www/meucrm/node_modules/next/dist/cli/next-start.js'
2026-08-04 02:34:23 +02:00:     ]
2026-08-04 02:34:23 +02:00:   }
2026-08-04 02:34:23 +02:00: }
2026-08-04 02:34:24 +02:00: Error [ChunkLoadError]: Failed to load chunk server/chunks/ssr/[root-of-the-server]__0i-tm9x._.js from module 690181
2026-08-04 02:34:24 +02:00:     at ignore-listed frames {
2026-08-04 02:34:24 +02:00:   digest: '3352747004',
2026-08-04 02:34:24 +02:00:   [cause]: Error: Cannot find module '/var/www/meucrm/.next/server/chunks/ssr/[root-of-the-server]__0i-tm9x._.js'
2026-08-04 02:34:24 +02:00:   Require stack:
2026-08-04 02:34:24 +02:00:   - /var/www/meucrm/.next/server/chunks/ssr/[turbopack]_runtime.js
2026-08-04 02:34:24 +02:00:   - /var/www/meucrm/.next/server/app/(auth)/forgot-password/page.js
2026-08-04 02:34:24 +02:00:   - /var/www/meucrm/node_modules/next/dist/server/require.js
2026-08-04 02:34:24 +02:00:   - /var/www/meucrm/node_modules/next/dist/server/next-server.js
2026-08-04 02:34:24 +02:00:   - /var/www/meucrm/node_modules/next/dist/server/next.js
2026-08-04 02:34:24 +02:00:   - /var/www/meucrm/node_modules/next/dist/server/lib/start-server.js
2026-08-04 02:34:24 +02:00:   - /var/www/meucrm/node_modules/next/dist/cli/next-start.js
2026-08-04 02:34:24 +02:00:       at ignore-listed frames {
2026-08-04 02:34:24 +02:00:     code: 'MODULE_NOT_FOUND',
2026-08-04 02:34:24 +02:00:     requireStack: [
2026-08-04 02:34:24 +02:00:       '/var/www/meucrm/.next/server/chunks/ssr/[turbopack]_runtime.js',
2026-08-04 02:34:24 +02:00:       '/var/www/meucrm/.next/server/app/(auth)/forgot-password/page.js',
2026-08-04 02:34:24 +02:00:       '/var/www/meucrm/node_modules/next/dist/server/require.js',
2026-08-04 02:34:24 +02:00:       '/var/www/meucrm/node_modules/next/dist/server/next-server.js',
2026-08-04 02:34:24 +02:00:       '/var/www/meucrm/node_modules/next/dist/server/next.js',
2026-08-04 02:34:24 +02:00:       '/var/www/meucrm/node_modules/next/dist/server/lib/start-server.js',
2026-08-04 02:34:24 +02:00:       '/var/www/meucrm/node_modules/next/dist/cli/next-start.js'
2026-08-04 02:34:24 +02:00:     ]
2026-08-04 02:34:24 +02:00:   }
2026-08-04 02:34:24 +02:00: }
2026-08-04 02:34:25 +02:00: ⨯ Error [ChunkLoadError]: Failed to load chunk server/chunks/ssr/[root-of-the-server]__0i-tm9x._.js from module 690181
2026-08-04 02:34:25 +02:00:     at ignore-listed frames {
2026-08-04 02:34:25 +02:00:   digest: '3352747004',
2026-08-04 02:34:25 +02:00:   [cause]: Error: Cannot find module '/var/www/meucrm/.next/server/chunks/ssr/[root-of-the-server]__0i-tm9x._.js'
2026-08-04 02:34:25 +02:00:   Require stack:
2026-08-04 02:34:25 +02:00:   - /var/www/meucrm/.next/server/chunks/ssr/[turbopack]_runtime.js
2026-08-04 02:34:25 +02:00:   - /var/www/meucrm/.next/server/app/(auth)/forgot-password/page.js
2026-08-04 02:34:25 +02:00:   - /var/www/meucrm/node_modules/next/dist/server/require.js
2026-08-04 02:34:25 +02:00:   - /var/www/meucrm/node_modules/next/dist/server/next-server.js
2026-08-04 02:34:25 +02:00:   - /var/www/meucrm/node_modules/next/dist/server/next.js
2026-08-04 02:34:25 +02:00:   - /var/www/meucrm/node_modules/next/dist/server/lib/start-server.js
2026-08-04 02:34:25 +02:00:   - /var/www/meucrm/node_modules/next/dist/cli/next-start.js
2026-08-04 02:34:25 +02:00:       at ignore-listed frames {
2026-08-04 02:34:25 +02:00:     code: 'MODULE_NOT_FOUND',
2026-08-04 02:34:25 +02:00:     requireStack: [
2026-08-04 02:34:25 +02:00:       '/var/www/meucrm/.next/server/chunks/ssr/[turbopack]_runtime.js',
2026-08-04 02:34:25 +02:00:       '/var/www/meucrm/.next/server/app/(auth)/forgot-password/page.js',
2026-08-04 02:34:25 +02:00:       '/var/www/meucrm/node_modules/next/dist/server/require.js',
2026-08-04 02:34:25 +02:00:       '/var/www/meucrm/node_modules/next/dist/server/next-server.js',
2026-08-04 02:34:25 +02:00:       '/var/www/meucrm/node_modules/next/dist/server/next.js',
2026-08-04 02:34:25 +02:00:       '/var/www/meucrm/node_modules/next/dist/server/lib/start-server.js',
2026-08-04 02:34:25 +02:00:       '/var/www/meucrm/node_modules/next/dist/cli/next-start.js'
2026-08-04 02:34:25 +02:00:     ]
2026-08-04 02:34:25 +02:00:   }
2026-08-04 02:34:25 +02:00: }
2026-08-04 02:34:26 +02:00: ⨯ Error [ChunkLoadError]: Failed to load chunk server/chunks/ssr/[root-of-the-server]__0i-tm9x._.js from module 690181
2026-08-04 02:34:26 +02:00:     at ignore-listed frames {
2026-08-04 02:34:26 +02:00:   digest: '3352747004',
2026-08-04 02:34:26 +02:00:   [cause]: Error: Cannot find module '/var/www/meucrm/.next/server/chunks/ssr/[root-of-the-server]__0i-tm9x._.js'
2026-08-04 02:34:26 +02:00:   Require stack:
2026-08-04 02:34:26 +02:00:   - /var/www/meucrm/.next/server/chunks/ssr/[turbopack]_runtime.js
2026-08-04 02:34:26 +02:00:   - /var/www/meucrm/.next/server/app/(auth)/forgot-password/page.js
2026-08-04 02:34:26 +02:00:   - /var/www/meucrm/node_modules/next/dist/server/require.js
2026-08-04 02:34:26 +02:00:   - /var/www/meucrm/node_modules/next/dist/server/next-server.js
2026-08-04 02:34:26 +02:00:   - /var/www/meucrm/node_modules/next/dist/server/next.js
2026-08-04 02:34:26 +02:00:   - /var/www/meucrm/node_modules/next/dist/server/lib/start-server.js
2026-08-04 02:34:26 +02:00:   - /var/www/meucrm/node_modules/next/dist/cli/next-start.js
2026-08-04 02:34:26 +02:00:       at ignore-listed frames {
2026-08-04 02:34:26 +02:00:     code: 'MODULE_NOT_FOUND',
2026-08-04 02:34:26 +02:00:     requireStack: [
2026-08-04 02:34:26 +02:00:       '/var/www/meucrm/.next/server/chunks/ssr/[turbopack]_runtime.js',
2026-08-04 02:34:26 +02:00:       '/var/www/meucrm/.next/server/app/(auth)/forgot-password/page.js',
2026-08-04 02:34:26 +02:00:       '/var/www/meucrm/node_modules/next/dist/server/require.js',
2026-08-04 02:34:26 +02:00:       '/var/www/meucrm/node_modules/next/dist/server/next-server.js',
2026-08-04 02:34:26 +02:00:       '/var/www/meucrm/node_modules/next/dist/server/next.js',
2026-08-04 02:34:26 +02:00:       '/var/www/meucrm/node_modules/next/dist/server/lib/start-server.js',
2026-08-04 02:34:26 +02:00:       '/var/www/meucrm/node_modules/next/dist/cli/next-start.js'
2026-08-04 02:34:26 +02:00:     ]
2026-08-04 02:34:26 +02:00:   }
2026-08-04 02:34:26 +02:00: }
2026-08-04 02:34:27 +02:00: Error [ChunkLoadError]: Failed to load chunk server/chunks/ssr/[root-of-the-server]__0i-tm9x._.js from module 690181
2026-08-04 02:34:27 +02:00:     at ignore-listed frames {
2026-08-04 02:34:27 +02:00:   digest: '3352747004',
2026-08-04 02:34:27 +02:00:   [cause]: Error: Cannot find module '/var/www/meucrm/.next/server/chunks/ssr/[root-of-the-server]__0i-tm9x._.js'
2026-08-04 02:34:27 +02:00:   Require stack:
2026-08-04 02:34:27 +02:00:   - /var/www/meucrm/.next/server/chunks/ssr/[turbopack]_runtime.js
2026-08-04 02:34:27 +02:00:   - /var/www/meucrm/.next/server/app/(auth)/forgot-password/page.js
2026-08-04 02:34:27 +02:00:   - /var/www/meucrm/node_modules/next/dist/server/require.js
2026-08-04 02:34:27 +02:00:   - /var/www/meucrm/node_modules/next/dist/server/next-server.js
2026-08-04 02:34:27 +02:00:   - /var/www/meucrm/node_modules/next/dist/server/next.js
2026-08-04 02:34:27 +02:00:   - /var/www/meucrm/node_modules/next/dist/server/lib/start-server.js
2026-08-04 02:34:27 +02:00:   - /var/www/meucrm/node_modules/next/dist/cli/next-start.js
2026-08-04 02:34:27 +02:00:       at ignore-listed frames {
2026-08-04 02:34:27 +02:00:     code: 'MODULE_NOT_FOUND',
2026-08-04 02:34:27 +02:00:     requireStack: [
2026-08-04 02:34:27 +02:00:       '/var/www/meucrm/.next/server/chunks/ssr/[turbopack]_runtime.js',
2026-08-04 02:34:27 +02:00:       '/var/www/meucrm/.next/server/app/(auth)/forgot-password/page.js',
2026-08-04 02:34:27 +02:00:       '/var/www/meucrm/node_modules/next/dist/server/require.js',
2026-08-04 02:34:27 +02:00:       '/var/www/meucrm/node_modules/next/dist/server/next-server.js',
2026-08-04 02:34:27 +02:00:       '/var/www/meucrm/node_modules/next/dist/server/next.js',
2026-08-04 02:34:27 +02:00:       '/var/www/meucrm/node_modules/next/dist/server/lib/start-server.js',
2026-08-04 02:34:27 +02:00:       '/var/www/meucrm/node_modules/next/dist/cli/next-start.js'
2026-08-04 02:34:27 +02:00:     ]
2026-08-04 02:34:27 +02:00:   }
2026-08-04 02:34:27 +02:00: }
2026-08-04 02:34:28 +02:00: Error [ChunkLoadError]: Failed to load chunk server/chunks/ssr/[root-of-the-server]__0i-tm9x._.js from module 690181
2026-08-04 02:34:28 +02:00:     at ignore-listed frames {
2026-08-04 02:34:28 +02:00:   digest: '3352747004',
2026-08-04 02:34:28 +02:00:   [cause]: Error: Cannot find module '/var/www/meucrm/.next/server/chunks/ssr/[root-of-the-server]__0i-tm9x._.js'
2026-08-04 02:34:28 +02:00:   Require stack:
2026-08-04 02:34:28 +02:00:   - /var/www/meucrm/.next/server/chunks/ssr/[turbopack]_runtime.js
2026-08-04 02:34:28 +02:00:   - /var/www/meucrm/.next/server/app/(auth)/forgot-password/page.js
2026-08-04 02:34:28 +02:00:   - /var/www/meucrm/node_modules/next/dist/server/require.js
2026-08-04 02:34:28 +02:00:   - /var/www/meucrm/node_modules/next/dist/server/next-server.js
2026-08-04 02:34:28 +02:00:   - /var/www/meucrm/node_modules/next/dist/server/next.js
2026-08-04 02:34:28 +02:00:   - /var/www/meucrm/node_modules/next/dist/server/lib/start-server.js
2026-08-04 02:34:28 +02:00:   - /var/www/meucrm/node_modules/next/dist/cli/next-start.js
2026-08-04 02:34:28 +02:00:       at ignore-listed frames {
2026-08-04 02:34:28 +02:00:     code: 'MODULE_NOT_FOUND',
2026-08-04 02:34:28 +02:00:     requireStack: [
2026-08-04 02:34:28 +02:00:       '/var/www/meucrm/.next/server/chunks/ssr/[turbopack]_runtime.js',
2026-08-04 02:34:28 +02:00:       '/var/www/meucrm/.next/server/app/(auth)/forgot-password/page.js',
2026-08-04 02:34:28 +02:00:       '/var/www/meucrm/node_modules/next/dist/server/require.js',
2026-08-04 02:34:28 +02:00:       '/var/www/meucrm/node_modules/next/dist/server/next-server.js',
2026-08-04 02:34:28 +02:00:       '/var/www/meucrm/node_modules/next/dist/server/next.js',
2026-08-04 02:34:28 +02:00:       '/var/www/meucrm/node_modules/next/dist/server/lib/start-server.js',
2026-08-04 02:34:28 +02:00:       '/var/www/meucrm/node_modules/next/dist/cli/next-start.js'
2026-08-04 02:34:28 +02:00:     ]
2026-08-04 02:34:28 +02:00:   }
2026-08-04 02:34:28 +02:00: }
2026-08-04 02:34:29 +02:00: ⨯ unhandledRejection:  Error [ChunkLoadError]: Failed to load chunk server/chunks/ssr/[root-of-the-server]__0i-tm9x._.js from module 690181
2026-08-04 02:34:29 +02:00:     at ignore-listed frames {
2026-08-04 02:34:29 +02:00:   digest: '3352747004',
2026-08-04 02:34:29 +02:00:   [cause]: Error: Cannot find module '/var/www/meucrm/.next/server/chunks/ssr/[root-of-the-server]__0i-tm9x._.js'
2026-08-04 02:34:29 +02:00:   Require stack:
2026-08-04 02:34:29 +02:00:   - /var/www/meucrm/.next/server/chunks/ssr/[turbopack]_runtime.js
2026-08-04 02:34:29 +02:00:   - /var/www/meucrm/.next/server/app/(auth)/forgot-password/page.js
2026-08-04 02:34:29 +02:00:   - /var/www/meucrm/node_modules/next/dist/server/require.js
2026-08-04 02:34:29 +02:00:   - /var/www/meucrm/node_modules/next/dist/server/next-server.js
2026-08-04 02:34:29 +02:00:   - /var/www/meucrm/node_modules/next/dist/server/next.js
2026-08-04 02:34:29 +02:00:   - /var/www/meucrm/node_modules/next/dist/server/lib/start-server.js
2026-08-04 02:34:29 +02:00:   - /var/www/meucrm/node_modules/next/dist/cli/next-start.js
2026-08-04 02:34:29 +02:00:       at ignore-listed frames {
2026-08-04 02:34:29 +02:00:     code: 'MODULE_NOT_FOUND',
2026-08-04 02:34:29 +02:00:     requireStack: [
2026-08-04 02:34:29 +02:00:       '/var/www/meucrm/.next/server/chunks/ssr/[turbopack]_runtime.js',
2026-08-04 02:34:29 +02:00:       '/var/www/meucrm/.next/server/app/(auth)/forgot-password/page.js',
2026-08-04 02:34:29 +02:00:       '/var/www/meucrm/node_modules/next/dist/server/require.js',
2026-08-04 02:34:29 +02:00:       '/var/www/meucrm/node_modules/next/dist/server/next-server.js',
2026-08-04 02:34:29 +02:00:       '/var/www/meucrm/node_modules/next/dist/server/next.js',
2026-08-04 02:34:29 +02:00:       '/var/www/meucrm/node_modules/next/dist/server/lib/start-server.js',
2026-08-04 02:34:29 +02:00:       '/var/www/meucrm/node_modules/next/dist/cli/next-start.js'
2026-08-04 02:34:29 +02:00:     ]
2026-08-04 02:34:29 +02:00:   }
2026-08-04 02:34:29 +02:00: }
2026-08-04 02:34:29 +02:00: Error [ChunkLoadError]: Failed to load chunk server/chunks/ssr/[root-of-the-server]__0i-tm9x._.js from module 690181
2026-08-04 02:34:29 +02:00:     at ignore-listed frames {
2026-08-04 02:34:29 +02:00:   digest: '3352747004',
2026-08-04 02:34:29 +02:00:   [cause]: Error: Cannot find module '/var/www/meucrm/.next/server/chunks/ssr/[root-of-the-server]__0i-tm9x._.js'
2026-08-04 02:34:29 +02:00:   Require stack:
2026-08-04 02:34:29 +02:00:   - /var/www/meucrm/.next/server/chunks/ssr/[turbopack]_runtime.js
2026-08-04 02:34:29 +02:00:   - /var/www/meucrm/.next/server/app/(auth)/forgot-password/page.js
2026-08-04 02:34:29 +02:00:   - /var/www/meucrm/node_modules/next/dist/server/require.js
2026-08-04 02:34:29 +02:00:   - /var/www/meucrm/node_modules/next/dist/server/next-server.js
2026-08-04 02:34:29 +02:00:   - /var/www/meucrm/node_modules/next/dist/server/next.js
2026-08-04 02:34:29 +02:00:   - /var/www/meucrm/node_modules/next/dist/server/lib/start-server.js
2026-08-04 02:34:29 +02:00:   - /var/www/meucrm/node_modules/next/dist/cli/next-start.js
2026-08-04 02:34:29 +02:00:       at ignore-listed frames {
2026-08-04 02:34:29 +02:00:     code: 'MODULE_NOT_FOUND',
2026-08-04 02:34:29 +02:00:     requireStack: [
2026-08-04 02:34:29 +02:00:       '/var/www/meucrm/.next/server/chunks/ssr/[turbopack]_runtime.js',
2026-08-04 02:34:29 +02:00:       '/var/www/meucrm/.next/server/app/(auth)/forgot-password/page.js',
2026-08-04 02:34:29 +02:00:       '/var/www/meucrm/node_modules/next/dist/server/require.js',
2026-08-04 02:34:29 +02:00:       '/var/www/meucrm/node_modules/next/dist/server/next-server.js',
2026-08-04 02:34:29 +02:00:       '/var/www/meucrm/node_modules/next/dist/server/next.js',
2026-08-04 02:34:29 +02:00:       '/var/www/meucrm/node_modules/next/dist/server/lib/start-server.js',
2026-08-04 02:34:29 +02:00:       '/var/www/meucrm/node_modules/next/dist/cli/next-start.js'
2026-08-04 02:34:29 +02:00:     ]
2026-08-04 02:34:29 +02:00:   }
2026-08-04 02:34:29 +02:00: }
2026-08-04 02:34:30 +02:00: Error [ChunkLoadError]: Failed to load chunk server/chunks/ssr/[root-of-the-server]__0i-tm9x._.js from module 690181
2026-08-04 02:34:30 +02:00:     at ignore-listed frames {
2026-08-04 02:34:30 +02:00:   digest: '3352747004',
2026-08-04 02:34:30 +02:00:   [cause]: Error: Cannot find module '/var/www/meucrm/.next/server/chunks/ssr/[root-of-the-server]__0i-tm9x._.js'
2026-08-04 02:34:30 +02:00:   Require stack:
2026-08-04 02:34:30 +02:00:   - /var/www/meucrm/.next/server/chunks/ssr/[turbopack]_runtime.js
2026-08-04 02:34:30 +02:00:   - /var/www/meucrm/.next/server/app/(auth)/forgot-password/page.js
2026-08-04 02:34:30 +02:00:   - /var/www/meucrm/node_modules/next/dist/server/require.js
2026-08-04 02:34:30 +02:00:   - /var/www/meucrm/node_modules/next/dist/server/next-server.js
2026-08-04 02:34:30 +02:00:   - /var/www/meucrm/node_modules/next/dist/server/next.js
2026-08-04 02:34:30 +02:00:   - /var/www/meucrm/node_modules/next/dist/server/lib/start-server.js
2026-08-04 02:34:30 +02:00:   - /var/www/meucrm/node_modules/next/dist/cli/next-start.js
2026-08-04 02:34:30 +02:00:       at ignore-listed frames {
2026-08-04 02:34:30 +02:00:     code: 'MODULE_NOT_FOUND',
2026-08-04 02:34:30 +02:00:     requireStack: [
2026-08-04 02:34:30 +02:00:       '/var/www/meucrm/.next/server/chunks/ssr/[turbopack]_runtime.js',
2026-08-04 02:34:30 +02:00:       '/var/www/meucrm/.next/server/app/(auth)/forgot-password/page.js',
2026-08-04 02:34:30 +02:00:       '/var/www/meucrm/node_modules/next/dist/server/require.js',
2026-08-04 02:34:30 +02:00:       '/var/www/meucrm/node_modules/next/dist/server/next-server.js',
2026-08-04 02:34:30 +02:00:       '/var/www/meucrm/node_modules/next/dist/server/next.js',
2026-08-04 02:34:30 +02:00:       '/var/www/meucrm/node_modules/next/dist/server/lib/start-server.js',
2026-08-04 02:34:30 +02:00:       '/var/www/meucrm/node_modules/next/dist/cli/next-start.js'
2026-08-04 02:34:30 +02:00:     ]
2026-08-04 02:34:30 +02:00:   }
2026-08-04 02:34:30 +02:00: }
2026-08-04 02:34:31 +02:00: ⨯ unhandledRejection:  Error [ChunkLoadError]: Failed to load chunk server/chunks/ssr/[root-of-the-server]__0i-tm9x._.js from module 690181
2026-08-04 02:34:31 +02:00:     at ignore-listed frames {
2026-08-04 02:34:31 +02:00:   digest: '3352747004',
2026-08-04 02:34:31 +02:00:   [cause]: Error: Cannot find module '/var/www/meucrm/.next/server/chunks/ssr/[root-of-the-server]__0i-tm9x._.js'
2026-08-04 02:34:31 +02:00:   Require stack:
2026-08-04 02:34:31 +02:00:   - /var/www/meucrm/.next/server/chunks/ssr/[turbopack]_runtime.js
2026-08-04 02:34:31 +02:00:   - /var/www/meucrm/.next/server/app/(auth)/forgot-password/page.js
2026-08-04 02:34:31 +02:00:   - /var/www/meucrm/node_modules/next/dist/server/require.js
2026-08-04 02:34:31 +02:00:   - /var/www/meucrm/node_modules/next/dist/server/next-server.js
2026-08-04 02:34:31 +02:00:   - /var/www/meucrm/node_modules/next/dist/server/next.js
2026-08-04 02:34:31 +02:00:   - /var/www/meucrm/node_modules/next/dist/server/lib/start-server.js
2026-08-04 02:34:31 +02:00:   - /var/www/meucrm/node_modules/next/dist/cli/next-start.js
2026-08-04 02:34:31 +02:00:       at ignore-listed frames {
2026-08-04 02:34:31 +02:00:     code: 'MODULE_NOT_FOUND',
2026-08-04 02:34:31 +02:00:     requireStack: [
2026-08-04 02:34:31 +02:00:       '/var/www/meucrm/.next/server/chunks/ssr/[turbopack]_runtime.js',
2026-08-04 02:34:31 +02:00:       '/var/www/meucrm/.next/server/app/(auth)/forgot-password/page.js',
2026-08-04 02:34:31 +02:00:       '/var/www/meucrm/node_modules/next/dist/server/require.js',
2026-08-04 02:34:31 +02:00:       '/var/www/meucrm/node_modules/next/dist/server/next-server.js',
2026-08-04 02:34:31 +02:00:       '/var/www/meucrm/node_modules/next/dist/server/next.js',
2026-08-04 02:34:31 +02:00:       '/var/www/meucrm/node_modules/next/dist/server/lib/start-server.js',
2026-08-04 02:34:31 +02:00:       '/var/www/meucrm/node_modules/next/dist/cli/next-start.js'
2026-08-04 02:34:31 +02:00:     ]
2026-08-04 02:34:31 +02:00:   }
2026-08-04 02:34:31 +02:00: }
2026-08-04 02:34:32 +02:00: Error [ChunkLoadError]: Failed to load chunk server/chunks/ssr/[root-of-the-server]__0i-tm9x._.js from module 690181
2026-08-04 02:34:32 +02:00:     at ignore-listed frames {
2026-08-04 02:34:32 +02:00:   digest: '3352747004',
2026-08-04 02:34:32 +02:00:   [cause]: Error: Cannot find module '/var/www/meucrm/.next/server/chunks/ssr/[root-of-the-server]__0i-tm9x._.js'
2026-08-04 02:34:32 +02:00:   Require stack:
2026-08-04 02:34:32 +02:00:   - /var/www/meucrm/.next/server/chunks/ssr/[turbopack]_runtime.js
2026-08-04 02:34:32 +02:00:   - /var/www/meucrm/.next/server/app/(auth)/forgot-password/page.js
2026-08-04 02:34:32 +02:00:   - /var/www/meucrm/node_modules/next/dist/server/require.js
2026-08-04 02:34:32 +02:00:   - /var/www/meucrm/node_modules/next/dist/server/next-server.js
2026-08-04 02:34:32 +02:00:   - /var/www/meucrm/node_modules/next/dist/server/next.js
2026-08-04 02:34:32 +02:00:   - /var/www/meucrm/node_modules/next/dist/server/lib/start-server.js
2026-08-04 02:34:32 +02:00:   - /var/www/meucrm/node_modules/next/dist/cli/next-start.js
2026-08-04 02:34:32 +02:00:       at ignore-listed frames {
2026-08-04 02:34:32 +02:00:     code: 'MODULE_NOT_FOUND',
2026-08-04 02:34:32 +02:00:     requireStack: [
2026-08-04 02:34:32 +02:00:       '/var/www/meucrm/.next/server/chunks/ssr/[turbopack]_runtime.js',
2026-08-04 02:34:32 +02:00:       '/var/www/meucrm/.next/server/app/(auth)/forgot-password/page.js',
2026-08-04 02:34:32 +02:00:       '/var/www/meucrm/node_modules/next/dist/server/require.js',
2026-08-04 02:34:32 +02:00:       '/var/www/meucrm/node_modules/next/dist/server/next-server.js',
2026-08-04 02:34:32 +02:00:       '/var/www/meucrm/node_modules/next/dist/server/next.js',
2026-08-04 02:34:32 +02:00:       '/var/www/meucrm/node_modules/next/dist/server/lib/start-server.js',
2026-08-04 02:34:32 +02:00:       '/var/www/meucrm/node_modules/next/dist/cli/next-start.js'
2026-08-04 02:34:32 +02:00:     ]
2026-08-04 02:34:32 +02:00:   }
2026-08-04 02:34:32 +02:00: }
2026-08-04 02:34:33 +02:00: Error [ChunkLoadError]: Failed to load chunk server/chunks/ssr/[root-of-the-server]__0i-tm9x._.js from module 690181
2026-08-04 02:34:33 +02:00:     at ignore-listed frames {
2026-08-04 02:34:33 +02:00:   digest: '3352747004',
2026-08-04 02:34:33 +02:00:   [cause]: Error: Cannot find module '/var/www/meucrm/.next/server/chunks/ssr/[root-of-the-server]__0i-tm9x._.js'
2026-08-04 02:34:33 +02:00:   Require stack:
2026-08-04 02:34:33 +02:00:   - /var/www/meucrm/.next/server/chunks/ssr/[turbopack]_runtime.js
2026-08-04 02:34:33 +02:00:   - /var/www/meucrm/.next/server/app/(auth)/forgot-password/page.js
2026-08-04 02:34:33 +02:00:   - /var/www/meucrm/node_modules/next/dist/server/require.js
2026-08-04 02:34:33 +02:00:   - /var/www/meucrm/node_modules/next/dist/server/next-server.js
2026-08-04 02:34:33 +02:00:   - /var/www/meucrm/node_modules/next/dist/server/next.js
2026-08-04 02:34:33 +02:00:   - /var/www/meucrm/node_modules/next/dist/server/lib/start-server.js
2026-08-04 02:34:33 +02:00:   - /var/www/meucrm/node_modules/next/dist/cli/next-start.js
2026-08-04 02:34:33 +02:00:       at ignore-listed frames {
2026-08-04 02:34:33 +02:00:     code: 'MODULE_NOT_FOUND',
2026-08-04 02:34:33 +02:00:     requireStack: [
2026-08-04 02:34:33 +02:00:       '/var/www/meucrm/.next/server/chunks/ssr/[turbopack]_runtime.js',
2026-08-04 02:34:33 +02:00:       '/var/www/meucrm/.next/server/app/(auth)/forgot-password/page.js',
2026-08-04 02:34:33 +02:00:       '/var/www/meucrm/node_modules/next/dist/server/require.js',
2026-08-04 02:34:33 +02:00:       '/var/www/meucrm/node_modules/next/dist/server/next-server.js',
2026-08-04 02:34:33 +02:00:       '/var/www/meucrm/node_modules/next/dist/server/next.js',
2026-08-04 02:34:33 +02:00:       '/var/www/meucrm/node_modules/next/dist/server/lib/start-server.js',
2026-08-04 02:34:33 +02:00:       '/var/www/meucrm/node_modules/next/dist/cli/next-start.js'
2026-08-04 02:34:33 +02:00:     ]
2026-08-04 02:34:33 +02:00:   }
2026-08-04 02:34:33 +02:00: }
2026-08-04 02:34:34 +02:00: ⨯ unhandledRejection:  Error [ChunkLoadError]: Failed to load chunk server/chunks/ssr/[root-of-the-server]__0i-tm9x._.js from module 690181
2026-08-04 02:34:34 +02:00:     at ignore-listed frames {
2026-08-04 02:34:34 +02:00:   digest: '3352747004',
2026-08-04 02:34:34 +02:00:   [cause]: Error: Cannot find module '/var/www/meucrm/.next/server/chunks/ssr/[root-of-the-server]__0i-tm9x._.js'
2026-08-04 02:34:34 +02:00:   Require stack:
2026-08-04 02:34:34 +02:00:   - /var/www/meucrm/.next/server/chunks/ssr/[turbopack]_runtime.js
2026-08-04 02:34:34 +02:00:   - /var/www/meucrm/.next/server/app/(auth)/forgot-password/page.js
2026-08-04 02:34:34 +02:00:   - /var/www/meucrm/node_modules/next/dist/server/require.js
2026-08-04 02:34:34 +02:00:   - /var/www/meucrm/node_modules/next/dist/server/next-server.js
2026-08-04 02:34:34 +02:00:   - /var/www/meucrm/node_modules/next/dist/server/next.js
2026-08-04 02:34:34 +02:00:   - /var/www/meucrm/node_modules/next/dist/server/lib/start-server.js
2026-08-04 02:34:34 +02:00:   - /var/www/meucrm/node_modules/next/dist/cli/next-start.js
2026-08-04 02:34:34 +02:00:       at ignore-listed frames {
2026-08-04 02:34:34 +02:00:     code: 'MODULE_NOT_FOUND',
2026-08-04 02:34:34 +02:00:     requireStack: [
2026-08-04 02:34:34 +02:00:       '/var/www/meucrm/.next/server/chunks/ssr/[turbopack]_runtime.js',
2026-08-04 02:34:34 +02:00:       '/var/www/meucrm/.next/server/app/(auth)/forgot-password/page.js',
2026-08-04 02:34:34 +02:00:       '/var/www/meucrm/node_modules/next/dist/server/require.js',
2026-08-04 02:34:34 +02:00:       '/var/www/meucrm/node_modules/next/dist/server/next-server.js',
2026-08-04 02:34:34 +02:00:       '/var/www/meucrm/node_modules/next/dist/server/next.js',
2026-08-04 02:34:34 +02:00:       '/var/www/meucrm/node_modules/next/dist/server/lib/start-server.js',
2026-08-04 02:34:34 +02:00:       '/var/www/meucrm/node_modules/next/dist/cli/next-start.js'
2026-08-04 02:34:34 +02:00:     ]
2026-08-04 02:34:34 +02:00:   }
2026-08-04 02:34:34 +02:00: }
2026-08-04 02:34:34 +02:00: Error [ChunkLoadError]: Failed to load chunk server/chunks/ssr/[root-of-the-server]__0l4klq3._.js from module 690181
2026-08-04 02:34:34 +02:00:     at ignore-listed frames {
2026-08-04 02:34:34 +02:00:   [cause]: Error: Cannot find module '/var/www/meucrm/.next/server/chunks/ssr/[root-of-the-server]__0l4klq3._.js'
2026-08-04 02:34:34 +02:00:   Require stack:
2026-08-04 02:34:34 +02:00:   - /var/www/meucrm/.next/server/chunks/ssr/[turbopack]_runtime.js
2026-08-04 02:34:34 +02:00:   - /var/www/meucrm/.next/server/app/(auth)/forgot-password/page.js
2026-08-04 02:34:34 +02:00:   - /var/www/meucrm/node_modules/next/dist/server/require.js
2026-08-04 02:34:34 +02:00:   - /var/www/meucrm/node_modules/next/dist/server/next-server.js
2026-08-04 02:34:34 +02:00:   - /var/www/meucrm/node_modules/next/dist/server/next.js
2026-08-04 02:34:34 +02:00:   - /var/www/meucrm/node_modules/next/dist/server/lib/start-server.js
2026-08-04 02:34:34 +02:00:   - /var/www/meucrm/node_modules/next/dist/cli/next-start.js
2026-08-04 02:34:34 +02:00:       at ignore-listed frames {
2026-08-04 02:34:34 +02:00:     code: 'MODULE_NOT_FOUND',
2026-08-04 02:34:34 +02:00:     requireStack: [
2026-08-04 02:34:34 +02:00:       '/var/www/meucrm/.next/server/chunks/ssr/[turbopack]_runtime.js',
2026-08-04 02:34:34 +02:00:       '/var/www/meucrm/.next/server/app/(auth)/forgot-password/page.js',
2026-08-04 02:34:34 +02:00:       '/var/www/meucrm/node_modules/next/dist/server/require.js',
2026-08-04 02:34:34 +02:00:       '/var/www/meucrm/node_modules/next/dist/server/next-server.js',
2026-08-04 02:34:34 +02:00:       '/var/www/meucrm/node_modules/next/dist/server/next.js',
2026-08-04 02:34:34 +02:00:       '/var/www/meucrm/node_modules/next/dist/server/lib/start-server.js',
2026-08-04 02:34:34 +02:00:       '/var/www/meucrm/node_modules/next/dist/cli/next-start.js'
2026-08-04 02:34:34 +02:00:     ]
2026-08-04 02:34:34 +02:00:   }
2026-08-04 02:34:34 +02:00: }
2026-08-04 02:34:35 +02:00: Error [ChunkLoadError]: Failed to load chunk server/chunks/ssr/[root-of-the-server]__0l4klq3._.js from module 690181
2026-08-04 02:34:35 +02:00:     at ignore-listed frames {
2026-08-04 02:34:35 +02:00:   [cause]: Error: Cannot find module '/var/www/meucrm/.next/server/chunks/ssr/[root-of-the-server]__0l4klq3._.js'
2026-08-04 02:34:35 +02:00:   Require stack:
2026-08-04 02:34:35 +02:00:   - /var/www/meucrm/.next/server/chunks/ssr/[turbopack]_runtime.js
2026-08-04 02:34:35 +02:00:   - /var/www/meucrm/.next/server/app/(auth)/forgot-password/page.js
2026-08-04 02:34:35 +02:00:   - /var/www/meucrm/node_modules/next/dist/server/require.js
2026-08-04 02:34:35 +02:00:   - /var/www/meucrm/node_modules/next/dist/server/next-server.js
2026-08-04 02:34:35 +02:00:   - /var/www/meucrm/node_modules/next/dist/server/next.js
2026-08-04 02:34:35 +02:00:   - /var/www/meucrm/node_modules/next/dist/server/lib/start-server.js
2026-08-04 02:34:35 +02:00:   - /var/www/meucrm/node_modules/next/dist/cli/next-start.js
2026-08-04 02:34:35 +02:00:       at ignore-listed frames {
2026-08-04 02:34:35 +02:00:     code: 'MODULE_NOT_FOUND',
2026-08-04 02:34:35 +02:00:     requireStack: [
2026-08-04 02:34:35 +02:00:       '/var/www/meucrm/.next/server/chunks/ssr/[turbopack]_runtime.js',
2026-08-04 02:34:35 +02:00:       '/var/www/meucrm/.next/server/app/(auth)/forgot-password/page.js',
2026-08-04 02:34:35 +02:00:       '/var/www/meucrm/node_modules/next/dist/server/require.js',
2026-08-04 02:34:35 +02:00:       '/var/www/meucrm/node_modules/next/dist/server/next-server.js',
2026-08-04 02:34:35 +02:00:       '/var/www/meucrm/node_modules/next/dist/server/next.js',
2026-08-04 02:34:35 +02:00:       '/var/www/meucrm/node_modules/next/dist/server/lib/start-server.js',
2026-08-04 02:34:35 +02:00:       '/var/www/meucrm/node_modules/next/dist/cli/next-start.js'
2026-08-04 02:34:35 +02:00:     ]
2026-08-04 02:34:35 +02:00:   }
2026-08-04 02:34:35 +02:00: }
2026-08-04 02:34:36 +02:00: ⨯ unhandledRejection:  Error [ChunkLoadError]: Failed to load chunk server/chunks/ssr/[root-of-the-server]__0l4klq3._.js from module 690181
2026-08-04 02:34:36 +02:00:     at ignore-listed frames {
2026-08-04 02:34:36 +02:00:   [cause]: Error: Cannot find module '/var/www/meucrm/.next/server/chunks/ssr/[root-of-the-server]__0l4klq3._.js'
2026-08-04 02:34:36 +02:00:   Require stack:
2026-08-04 02:34:36 +02:00:   - /var/www/meucrm/.next/server/chunks/ssr/[turbopack]_runtime.js
2026-08-04 02:34:36 +02:00:   - /var/www/meucrm/.next/server/app/(auth)/forgot-password/page.js
2026-08-04 02:34:36 +02:00:   - /var/www/meucrm/node_modules/next/dist/server/require.js
2026-08-04 02:34:36 +02:00:   - /var/www/meucrm/node_modules/next/dist/server/next-server.js
2026-08-04 02:34:36 +02:00:   - /var/www/meucrm/node_modules/next/dist/server/next.js
2026-08-04 02:34:36 +02:00:   - /var/www/meucrm/node_modules/next/dist/server/lib/start-server.js
2026-08-04 02:34:36 +02:00:   - /var/www/meucrm/node_modules/next/dist/cli/next-start.js
2026-08-04 02:34:36 +02:00:       at ignore-listed frames {
2026-08-04 02:34:36 +02:00:     code: 'MODULE_NOT_FOUND',
2026-08-04 02:34:36 +02:00:     requireStack: [
2026-08-04 02:34:36 +02:00:       '/var/www/meucrm/.next/server/chunks/ssr/[turbopack]_runtime.js',
2026-08-04 02:34:36 +02:00:       '/var/www/meucrm/.next/server/app/(auth)/forgot-password/page.js',
2026-08-04 02:34:36 +02:00:       '/var/www/meucrm/node_modules/next/dist/server/require.js',
2026-08-04 02:34:36 +02:00:       '/var/www/meucrm/node_modules/next/dist/server/next-server.js',
2026-08-04 02:34:36 +02:00:       '/var/www/meucrm/node_modules/next/dist/server/next.js',
2026-08-04 02:34:36 +02:00:       '/var/www/meucrm/node_modules/next/dist/server/lib/start-server.js',
2026-08-04 02:34:36 +02:00:       '/var/www/meucrm/node_modules/next/dist/cli/next-start.js'
2026-08-04 02:34:36 +02:00:     ]
2026-08-04 02:34:36 +02:00:   }
2026-08-04 02:34:36 +02:00: }
2026-08-04 02:34:37 +02:00: Error [ChunkLoadError]: Failed to load chunk server/chunks/ssr/[root-of-the-server]__0l4klq3._.js from module 690181
2026-08-04 02:34:37 +02:00:     at ignore-listed frames {
2026-08-04 02:34:37 +02:00:   [cause]: Error: Cannot find module '/var/www/meucrm/.next/server/chunks/ssr/[root-of-the-server]__0l4klq3._.js'
2026-08-04 02:34:37 +02:00:   Require stack:
2026-08-04 02:34:37 +02:00:   - /var/www/meucrm/.next/server/chunks/ssr/[turbopack]_runtime.js
2026-08-04 02:34:37 +02:00:   - /var/www/meucrm/.next/server/app/(auth)/forgot-password/page.js
2026-08-04 02:34:37 +02:00:   - /var/www/meucrm/node_modules/next/dist/server/require.js
2026-08-04 02:34:37 +02:00:   - /var/www/meucrm/node_modules/next/dist/server/next-server.js
2026-08-04 02:34:37 +02:00:   - /var/www/meucrm/node_modules/next/dist/server/next.js
2026-08-04 02:34:37 +02:00:   - /var/www/meucrm/node_modules/next/dist/server/lib/start-server.js
2026-08-04 02:34:37 +02:00:   - /var/www/meucrm/node_modules/next/dist/cli/next-start.js
2026-08-04 02:34:37 +02:00:       at ignore-listed frames {
2026-08-04 02:34:37 +02:00:     code: 'MODULE_NOT_FOUND',
2026-08-04 02:34:37 +02:00:     requireStack: [
2026-08-04 02:34:37 +02:00:       '/var/www/meucrm/.next/server/chunks/ssr/[turbopack]_runtime.js',
2026-08-04 02:34:37 +02:00:       '/var/www/meucrm/.next/server/app/(auth)/forgot-password/page.js',
2026-08-04 02:34:37 +02:00:       '/var/www/meucrm/node_modules/next/dist/server/require.js',
2026-08-04 02:34:37 +02:00:       '/var/www/meucrm/node_modules/next/dist/server/next-server.js',
2026-08-04 02:34:37 +02:00:       '/var/www/meucrm/node_modules/next/dist/server/next.js',
2026-08-04 02:34:37 +02:00:       '/var/www/meucrm/node_modules/next/dist/server/lib/start-server.js',
2026-08-04 02:34:37 +02:00:       '/var/www/meucrm/node_modules/next/dist/cli/next-start.js'
2026-08-04 02:34:37 +02:00:     ]
2026-08-04 02:34:37 +02:00:   }
2026-08-04 02:34:37 +02:00: }
2026-08-04 02:34:38 +02:00: Error [ChunkLoadError]: Failed to load chunk server/chunks/ssr/[root-of-the-server]__0l4klq3._.js from module 690181
2026-08-04 02:34:38 +02:00:     at ignore-listed frames {
2026-08-04 02:34:38 +02:00:   [cause]: Error: Cannot find module '/var/www/meucrm/.next/server/chunks/ssr/[root-of-the-server]__0l4klq3._.js'
2026-08-04 02:34:38 +02:00:   Require stack:
2026-08-04 02:34:38 +02:00:   - /var/www/meucrm/.next/server/chunks/ssr/[turbopack]_runtime.js
2026-08-04 02:34:38 +02:00:   - /var/www/meucrm/.next/server/app/(auth)/forgot-password/page.js
2026-08-04 02:34:38 +02:00:   - /var/www/meucrm/node_modules/next/dist/server/require.js
2026-08-04 02:34:38 +02:00:   - /var/www/meucrm/node_modules/next/dist/server/next-server.js
2026-08-04 02:34:38 +02:00:   - /var/www/meucrm/node_modules/next/dist/server/next.js
2026-08-04 02:34:38 +02:00:   - /var/www/meucrm/node_modules/next/dist/server/lib/start-server.js
2026-08-04 02:34:38 +02:00:   - /var/www/meucrm/node_modules/next/dist/cli/next-start.js
2026-08-04 02:34:38 +02:00:       at ignore-listed frames {
2026-08-04 02:34:38 +02:00:     code: 'MODULE_NOT_FOUND',
2026-08-04 02:34:38 +02:00:     requireStack: [
2026-08-04 02:34:38 +02:00:       '/var/www/meucrm/.next/server/chunks/ssr/[turbopack]_runtime.js',
2026-08-04 02:34:38 +02:00:       '/var/www/meucrm/.next/server/app/(auth)/forgot-password/page.js',
2026-08-04 02:34:38 +02:00:       '/var/www/meucrm/node_modules/next/dist/server/require.js',
2026-08-04 02:34:38 +02:00:       '/var/www/meucrm/node_modules/next/dist/server/next-server.js',
2026-08-04 02:34:38 +02:00:       '/var/www/meucrm/node_modules/next/dist/server/next.js',
2026-08-04 02:34:38 +02:00:       '/var/www/meucrm/node_modules/next/dist/server/lib/start-server.js',
2026-08-04 02:34:38 +02:00:       '/var/www/meucrm/node_modules/next/dist/cli/next-start.js'
2026-08-04 02:34:38 +02:00:     ]
2026-08-04 02:34:38 +02:00:   }
2026-08-04 02:34:38 +02:00: }
2026-08-04 02:34:39 +02:00: ⨯ unhandledRejection:  Error [ChunkLoadError]: Failed to load chunk server/chunks/ssr/[root-of-the-server]__0l4klq3._.js from module 690181
2026-08-04 02:34:39 +02:00:     at ignore-listed frames {
2026-08-04 02:34:39 +02:00:   [cause]: Error: Cannot find module '/var/www/meucrm/.next/server/chunks/ssr/[root-of-the-server]__0l4klq3._.js'
2026-08-04 02:34:39 +02:00:   Require stack:
2026-08-04 02:34:39 +02:00:   - /var/www/meucrm/.next/server/chunks/ssr/[turbopack]_runtime.js
2026-08-04 02:34:39 +02:00:   - /var/www/meucrm/.next/server/app/(auth)/forgot-password/page.js
2026-08-04 02:34:39 +02:00:   - /var/www/meucrm/node_modules/next/dist/server/require.js
2026-08-04 02:34:39 +02:00:   - /var/www/meucrm/node_modules/next/dist/server/next-server.js
2026-08-04 02:34:39 +02:00:   - /var/www/meucrm/node_modules/next/dist/server/next.js
2026-08-04 02:34:39 +02:00:   - /var/www/meucrm/node_modules/next/dist/server/lib/start-server.js
2026-08-04 02:34:39 +02:00:   - /var/www/meucrm/node_modules/next/dist/cli/next-start.js
2026-08-04 02:34:39 +02:00:       at ignore-listed frames {
2026-08-04 02:34:39 +02:00:     code: 'MODULE_NOT_FOUND',
2026-08-04 02:34:39 +02:00:     requireStack: [
2026-08-04 02:34:39 +02:00:       '/var/www/meucrm/.next/server/chunks/ssr/[turbopack]_runtime.js',
2026-08-04 02:34:39 +02:00:       '/var/www/meucrm/.next/server/app/(auth)/forgot-password/page.js',
2026-08-04 02:34:39 +02:00:       '/var/www/meucrm/node_modules/next/dist/server/require.js',
2026-08-04 02:34:39 +02:00:       '/var/www/meucrm/node_modules/next/dist/server/next-server.js',
2026-08-04 02:34:39 +02:00:       '/var/www/meucrm/node_modules/next/dist/server/next.js',
2026-08-04 02:34:39 +02:00:       '/var/www/meucrm/node_modules/next/dist/server/lib/start-server.js',
2026-08-04 02:34:39 +02:00:       '/var/www/meucrm/node_modules/next/dist/cli/next-start.js'
2026-08-04 02:34:39 +02:00:     ]
2026-08-04 02:34:39 +02:00:   }
2026-08-04 02:34:39 +02:00: }
2026-08-04 02:34:40 +02:00: Error [ChunkLoadError]: Failed to load chunk server/chunks/ssr/[root-of-the-server]__0i-tm9x._.js from module 690181
2026-08-04 02:34:40 +02:00:     at ignore-listed frames {
2026-08-04 02:34:40 +02:00:   digest: '3352747004',
2026-08-04 02:34:40 +02:00:   [cause]: Error: Cannot find module '/var/www/meucrm/.next/server/chunks/ssr/[root-of-the-server]__0i-tm9x._.js'
2026-08-04 02:34:40 +02:00:   Require stack:
2026-08-04 02:34:40 +02:00:   - /var/www/meucrm/.next/server/chunks/ssr/[turbopack]_runtime.js
2026-08-04 02:34:40 +02:00:   - /var/www/meucrm/.next/server/app/(auth)/forgot-password/page.js
2026-08-04 02:34:40 +02:00:   - /var/www/meucrm/node_modules/next/dist/server/require.js
2026-08-04 02:34:40 +02:00:   - /var/www/meucrm/node_modules/next/dist/server/next-server.js
2026-08-04 02:34:40 +02:00:   - /var/www/meucrm/node_modules/next/dist/server/next.js
2026-08-04 02:34:40 +02:00:   - /var/www/meucrm/node_modules/next/dist/server/lib/start-server.js
2026-08-04 02:34:40 +02:00:   - /var/www/meucrm/node_modules/next/dist/cli/next-start.js
2026-08-04 02:34:40 +02:00:       at ignore-listed frames {
2026-08-04 02:34:40 +02:00:     code: 'MODULE_NOT_FOUND',
2026-08-04 02:34:40 +02:00:     requireStack: [
2026-08-04 02:34:40 +02:00:       '/var/www/meucrm/.next/server/chunks/ssr/[turbopack]_runtime.js',
2026-08-04 02:34:40 +02:00:       '/var/www/meucrm/.next/server/app/(auth)/forgot-password/page.js',
2026-08-04 02:34:40 +02:00:       '/var/www/meucrm/node_modules/next/dist/server/require.js',
2026-08-04 02:34:40 +02:00:       '/var/www/meucrm/node_modules/next/dist/server/next-server.js',
2026-08-04 02:34:40 +02:00:       '/var/www/meucrm/node_modules/next/dist/server/next.js',
2026-08-04 02:34:40 +02:00:       '/var/www/meucrm/node_modules/next/dist/server/lib/start-server.js',
2026-08-04 02:34:40 +02:00:       '/var/www/meucrm/node_modules/next/dist/cli/next-start.js'
2026-08-04 02:34:40 +02:00:     ]
2026-08-04 02:34:40 +02:00:   }
2026-08-04 02:34:40 +02:00: }
2026-08-04 02:34:41 +02:00: Error [ChunkLoadError]: Failed to load chunk server/chunks/ssr/[root-of-the-server]__0i-tm9x._.js from module 690181
2026-08-04 02:34:41 +02:00:     at ignore-listed frames {
2026-08-04 02:34:41 +02:00:   digest: '3352747004',
2026-08-04 02:34:41 +02:00:   [cause]: Error: Cannot find module '/var/www/meucrm/.next/server/chunks/ssr/[root-of-the-server]__0i-tm9x._.js'
2026-08-04 02:34:41 +02:00:   Require stack:
2026-08-04 02:34:41 +02:00:   - /var/www/meucrm/.next/server/chunks/ssr/[turbopack]_runtime.js
2026-08-04 02:34:41 +02:00:   - /var/www/meucrm/.next/server/app/(auth)/forgot-password/page.js
2026-08-04 02:34:41 +02:00:   - /var/www/meucrm/node_modules/next/dist/server/require.js
2026-08-04 02:34:41 +02:00:   - /var/www/meucrm/node_modules/next/dist/server/next-server.js
2026-08-04 02:34:41 +02:00:   - /var/www/meucrm/node_modules/next/dist/server/next.js
2026-08-04 02:34:41 +02:00:   - /var/www/meucrm/node_modules/next/dist/server/lib/start-server.js
2026-08-04 02:34:41 +02:00:   - /var/www/meucrm/node_modules/next/dist/cli/next-start.js
2026-08-04 02:34:41 +02:00:       at ignore-listed frames {
2026-08-04 02:34:41 +02:00:     code: 'MODULE_NOT_FOUND',
2026-08-04 02:34:41 +02:00:     requireStack: [
2026-08-04 02:34:41 +02:00:       '/var/www/meucrm/.next/server/chunks/ssr/[turbopack]_runtime.js',
2026-08-04 02:34:41 +02:00:       '/var/www/meucrm/.next/server/app/(auth)/forgot-password/page.js',
2026-08-04 02:34:41 +02:00:       '/var/www/meucrm/node_modules/next/dist/server/require.js',
2026-08-04 02:34:41 +02:00:       '/var/www/meucrm/node_modules/next/dist/server/next-server.js',
2026-08-04 02:34:41 +02:00:       '/var/www/meucrm/node_modules/next/dist/server/next.js',
2026-08-04 02:34:41 +02:00:       '/var/www/meucrm/node_modules/next/dist/server/lib/start-server.js',
2026-08-04 02:34:41 +02:00:       '/var/www/meucrm/node_modules/next/dist/cli/next-start.js'
2026-08-04 02:34:41 +02:00:     ]
2026-08-04 02:34:41 +02:00:   }
2026-08-04 02:34:41 +02:00: }
2026-08-04 02:34:41 +02:00: ⨯ unhandledRejection:  Error [ChunkLoadError]: Failed to load chunk server/chunks/ssr/[root-of-the-server]__0i-tm9x._.js from module 690181
2026-08-04 02:34:41 +02:00:     at ignore-listed frames {
2026-08-04 02:34:41 +02:00:   digest: '3352747004',
2026-08-04 02:34:41 +02:00:   [cause]: Error: Cannot find module '/var/www/meucrm/.next/server/chunks/ssr/[root-of-the-server]__0i-tm9x._.js'
2026-08-04 02:34:41 +02:00:   Require stack:
2026-08-04 02:34:41 +02:00:   - /var/www/meucrm/.next/server/chunks/ssr/[turbopack]_runtime.js
2026-08-04 02:34:41 +02:00:   - /var/www/meucrm/.next/server/app/(auth)/forgot-password/page.js
2026-08-04 02:34:41 +02:00:   - /var/www/meucrm/node_modules/next/dist/server/require.js
2026-08-04 02:34:41 +02:00:   - /var/www/meucrm/node_modules/next/dist/server/next-server.js
2026-08-04 02:34:41 +02:00:   - /var/www/meucrm/node_modules/next/dist/server/next.js
2026-08-04 02:34:41 +02:00:   - /var/www/meucrm/node_modules/next/dist/server/lib/start-server.js
2026-08-04 02:34:41 +02:00:   - /var/www/meucrm/node_modules/next/dist/cli/next-start.js
2026-08-04 02:34:41 +02:00:       at ignore-listed frames {
2026-08-04 02:34:41 +02:00:     code: 'MODULE_NOT_FOUND',
2026-08-04 02:34:41 +02:00:     requireStack: [
2026-08-04 02:34:41 +02:00:       '/var/www/meucrm/.next/server/chunks/ssr/[turbopack]_runtime.js',
2026-08-04 02:34:41 +02:00:       '/var/www/meucrm/.next/server/app/(auth)/forgot-password/page.js',
2026-08-04 02:34:41 +02:00:       '/var/www/meucrm/node_modules/next/dist/server/require.js',
2026-08-04 02:34:41 +02:00:       '/var/www/meucrm/node_modules/next/dist/server/next-server.js',
2026-08-04 02:34:41 +02:00:       '/var/www/meucrm/node_modules/next/dist/server/next.js',
2026-08-04 02:34:41 +02:00:       '/var/www/meucrm/node_modules/next/dist/server/lib/start-server.js',
2026-08-04 02:34:41 +02:00:       '/var/www/meucrm/node_modules/next/dist/cli/next-start.js'
2026-08-04 02:34:41 +02:00:     ]
2026-08-04 02:34:41 +02:00:   }
2026-08-04 02:34:41 +02:00: }
2026-08-04 02:34:42 +02:00: Error [ChunkLoadError]: Failed to load chunk server/chunks/ssr/[root-of-the-server]__0i-tm9x._.js from module 690181
2026-08-04 02:34:42 +02:00:     at ignore-listed frames {
2026-08-04 02:34:42 +02:00:   digest: '3352747004',
2026-08-04 02:34:42 +02:00:   [cause]: Error: Cannot find module '/var/www/meucrm/.next/server/chunks/ssr/[root-of-the-server]__0i-tm9x._.js'
2026-08-04 02:34:42 +02:00:   Require stack:
2026-08-04 02:34:42 +02:00:   - /var/www/meucrm/.next/server/chunks/ssr/[turbopack]_runtime.js
2026-08-04 02:34:42 +02:00:   - /var/www/meucrm/.next/server/app/(auth)/forgot-password/page.js
2026-08-04 02:34:42 +02:00:   - /var/www/meucrm/node_modules/next/dist/server/require.js
2026-08-04 02:34:42 +02:00:   - /var/www/meucrm/node_modules/next/dist/server/next-server.js
2026-08-04 02:34:42 +02:00:   - /var/www/meucrm/node_modules/next/dist/server/next.js
2026-08-04 02:34:42 +02:00:   - /var/www/meucrm/node_modules/next/dist/server/lib/start-server.js
2026-08-04 02:34:42 +02:00:   - /var/www/meucrm/node_modules/next/dist/cli/next-start.js
2026-08-04 02:34:42 +02:00:       at ignore-listed frames {
2026-08-04 02:34:42 +02:00:     code: 'MODULE_NOT_FOUND',
2026-08-04 02:34:42 +02:00:     requireStack: [
2026-08-04 02:34:42 +02:00:       '/var/www/meucrm/.next/server/chunks/ssr/[turbopack]_runtime.js',
2026-08-04 02:34:42 +02:00:       '/var/www/meucrm/.next/server/app/(auth)/forgot-password/page.js',
2026-08-04 02:34:42 +02:00:       '/var/www/meucrm/node_modules/next/dist/server/require.js',
2026-08-04 02:34:42 +02:00:       '/var/www/meucrm/node_modules/next/dist/server/next-server.js',
2026-08-04 02:34:42 +02:00:       '/var/www/meucrm/node_modules/next/dist/server/next.js',
2026-08-04 02:34:42 +02:00:       '/var/www/meucrm/node_modules/next/dist/server/lib/start-server.js',
2026-08-04 02:34:42 +02:00:       '/var/www/meucrm/node_modules/next/dist/cli/next-start.js'
2026-08-04 02:34:42 +02:00:     ]
2026-08-04 02:34:42 +02:00:   }
2026-08-04 02:34:42 +02:00: }
2026-08-04 02:34:43 +02:00: Error [ChunkLoadError]: Failed to load chunk server/chunks/ssr/[root-of-the-server]__0i-tm9x._.js from module 690181
2026-08-04 02:34:43 +02:00:     at ignore-listed frames {
2026-08-04 02:34:43 +02:00:   digest: '3352747004',
2026-08-04 02:34:43 +02:00:   [cause]: Error: Cannot find module '/var/www/meucrm/.next/server/chunks/ssr/[root-of-the-server]__0i-tm9x._.js'
2026-08-04 02:34:43 +02:00:   Require stack:
2026-08-04 02:34:43 +02:00:   - /var/www/meucrm/.next/server/chunks/ssr/[turbopack]_runtime.js
2026-08-04 02:34:43 +02:00:   - /var/www/meucrm/.next/server/app/(auth)/forgot-password/page.js
2026-08-04 02:34:43 +02:00:   - /var/www/meucrm/node_modules/next/dist/server/require.js
2026-08-04 02:34:43 +02:00:   - /var/www/meucrm/node_modules/next/dist/server/next-server.js
2026-08-04 02:34:43 +02:00:   - /var/www/meucrm/node_modules/next/dist/server/next.js
2026-08-04 02:34:43 +02:00:   - /var/www/meucrm/node_modules/next/dist/server/lib/start-server.js
2026-08-04 02:34:43 +02:00:   - /var/www/meucrm/node_modules/next/dist/cli/next-start.js
2026-08-04 02:34:43 +02:00:       at ignore-listed frames {
2026-08-04 02:34:43 +02:00:     code: 'MODULE_NOT_FOUND',
2026-08-04 02:34:43 +02:00:     requireStack: [
2026-08-04 02:34:43 +02:00:       '/var/www/meucrm/.next/server/chunks/ssr/[turbopack]_runtime.js',
2026-08-04 02:34:43 +02:00:       '/var/www/meucrm/.next/server/app/(auth)/forgot-password/page.js',
2026-08-04 02:34:43 +02:00:       '/var/www/meucrm/node_modules/next/dist/server/require.js',
2026-08-04 02:34:43 +02:00:       '/var/www/meucrm/node_modules/next/dist/server/next-server.js',
2026-08-04 02:34:43 +02:00:       '/var/www/meucrm/node_modules/next/dist/server/next.js',
2026-08-04 02:34:43 +02:00:       '/var/www/meucrm/node_modules/next/dist/server/lib/start-server.js',
2026-08-04 02:34:43 +02:00:       '/var/www/meucrm/node_modules/next/dist/cli/next-start.js'
2026-08-04 02:34:43 +02:00:     ]
2026-08-04 02:34:43 +02:00:   }
2026-08-04 02:34:43 +02:00: }
2026-08-04 02:34:44 +02:00: ⨯ unhandledRejection:  Error [ChunkLoadError]: Failed to load chunk server/chunks/ssr/[root-of-the-server]__0i-tm9x._.js from module 690181
2026-08-04 02:34:44 +02:00:     at ignore-listed frames {
2026-08-04 02:34:44 +02:00:   digest: '3352747004',
2026-08-04 02:34:44 +02:00:   [cause]: Error: Cannot find module '/var/www/meucrm/.next/server/chunks/ssr/[root-of-the-server]__0i-tm9x._.js'
2026-08-04 02:34:44 +02:00:   Require stack:
2026-08-04 02:34:44 +02:00:   - /var/www/meucrm/.next/server/chunks/ssr/[turbopack]_runtime.js
2026-08-04 02:34:44 +02:00:   - /var/www/meucrm/.next/server/app/(auth)/forgot-password/page.js
2026-08-04 02:34:44 +02:00:   - /var/www/meucrm/node_modules/next/dist/server/require.js
2026-08-04 02:34:44 +02:00:   - /var/www/meucrm/node_modules/next/dist/server/next-server.js
2026-08-04 02:34:44 +02:00:   - /var/www/meucrm/node_modules/next/dist/server/next.js
2026-08-04 02:34:44 +02:00:   - /var/www/meucrm/node_modules/next/dist/server/lib/start-server.js
2026-08-04 02:34:44 +02:00:   - /var/www/meucrm/node_modules/next/dist/cli/next-start.js
2026-08-04 02:34:44 +02:00:       at ignore-listed frames {
2026-08-04 02:34:44 +02:00:     code: 'MODULE_NOT_FOUND',
2026-08-04 02:34:44 +02:00:     requireStack: [
2026-08-04 02:34:44 +02:00:       '/var/www/meucrm/.next/server/chunks/ssr/[turbopack]_runtime.js',
2026-08-04 02:34:44 +02:00:       '/var/www/meucrm/.next/server/app/(auth)/forgot-password/page.js',
2026-08-04 02:34:44 +02:00:       '/var/www/meucrm/node_modules/next/dist/server/require.js',
2026-08-04 02:34:44 +02:00:       '/var/www/meucrm/node_modules/next/dist/server/next-server.js',
2026-08-04 02:34:44 +02:00:       '/var/www/meucrm/node_modules/next/dist/server/next.js',
2026-08-04 02:34:44 +02:00:       '/var/www/meucrm/node_modules/next/dist/server/lib/start-server.js',
2026-08-04 02:34:44 +02:00:       '/var/www/meucrm/node_modules/next/dist/cli/next-start.js'
2026-08-04 02:34:44 +02:00:     ]
2026-08-04 02:34:44 +02:00:   }
2026-08-04 02:34:44 +02:00: }
2026-08-04 02:34:44 +02:00: Error [ChunkLoadError]: Failed to load chunk server/chunks/ssr/[root-of-the-server]__0l4klq3._.js from module 690181
2026-08-04 02:34:44 +02:00:     at ignore-listed frames {
2026-08-04 02:34:44 +02:00:   [cause]: Error: Cannot find module '/var/www/meucrm/.next/server/chunks/ssr/[root-of-the-server]__0l4klq3._.js'
2026-08-04 02:34:44 +02:00:   Require stack:
2026-08-04 02:34:44 +02:00:   - /var/www/meucrm/.next/server/chunks/ssr/[turbopack]_runtime.js
2026-08-04 02:34:44 +02:00:   - /var/www/meucrm/.next/server/app/(auth)/forgot-password/page.js
2026-08-04 02:34:44 +02:00:   - /var/www/meucrm/node_modules/next/dist/server/require.js
2026-08-04 02:34:44 +02:00:   - /var/www/meucrm/node_modules/next/dist/server/next-server.js
2026-08-04 02:34:44 +02:00:   - /var/www/meucrm/node_modules/next/dist/server/next.js
2026-08-04 02:34:44 +02:00:   - /var/www/meucrm/node_modules/next/dist/server/lib/start-server.js
2026-08-04 02:34:44 +02:00:   - /var/www/meucrm/node_modules/next/dist/cli/next-start.js
2026-08-04 02:34:44 +02:00:       at ignore-listed frames {
2026-08-04 02:34:44 +02:00:     code: 'MODULE_NOT_FOUND',
2026-08-04 02:34:44 +02:00:     requireStack: [
2026-08-04 02:34:44 +02:00:       '/var/www/meucrm/.next/server/chunks/ssr/[turbopack]_runtime.js',
2026-08-04 02:34:44 +02:00:       '/var/www/meucrm/.next/server/app/(auth)/forgot-password/page.js',
2026-08-04 02:34:44 +02:00:       '/var/www/meucrm/node_modules/next/dist/server/require.js',
2026-08-04 02:34:44 +02:00:       '/var/www/meucrm/node_modules/next/dist/server/next-server.js',
2026-08-04 02:34:44 +02:00:       '/var/www/meucrm/node_modules/next/dist/server/next.js',
2026-08-04 02:34:44 +02:00:       '/var/www/meucrm/node_modules/next/dist/server/lib/start-server.js',
2026-08-04 02:34:44 +02:00:       '/var/www/meucrm/node_modules/next/dist/cli/next-start.js'
2026-08-04 02:34:44 +02:00:     ]
2026-08-04 02:34:44 +02:00:   }
2026-08-04 02:34:44 +02:00: }
2026-08-04 02:34:45 +02:00: Error [ChunkLoadError]: Failed to load chunk server/chunks/ssr/[root-of-the-server]__0l4klq3._.js from module 690181
2026-08-04 02:34:45 +02:00:     at ignore-listed frames {
2026-08-04 02:34:45 +02:00:   [cause]: Error: Cannot find module '/var/www/meucrm/.next/server/chunks/ssr/[root-of-the-server]__0l4klq3._.js'
2026-08-04 02:34:45 +02:00:   Require stack:
2026-08-04 02:34:45 +02:00:   - /var/www/meucrm/.next/server/chunks/ssr/[turbopack]_runtime.js
2026-08-04 02:34:45 +02:00:   - /var/www/meucrm/.next/server/app/(auth)/forgot-password/page.js
2026-08-04 02:34:45 +02:00:   - /var/www/meucrm/node_modules/next/dist/server/require.js
2026-08-04 02:34:45 +02:00:   - /var/www/meucrm/node_modules/next/dist/server/next-server.js
2026-08-04 02:34:45 +02:00:   - /var/www/meucrm/node_modules/next/dist/server/next.js
2026-08-04 02:34:45 +02:00:   - /var/www/meucrm/node_modules/next/dist/server/lib/start-server.js
2026-08-04 02:34:45 +02:00:   - /var/www/meucrm/node_modules/next/dist/cli/next-start.js
2026-08-04 02:34:45 +02:00:       at ignore-listed frames {
2026-08-04 02:34:45 +02:00:     code: 'MODULE_NOT_FOUND',
2026-08-04 02:34:45 +02:00:     requireStack: [
2026-08-04 02:34:45 +02:00:       '/var/www/meucrm/.next/server/chunks/ssr/[turbopack]_runtime.js',
2026-08-04 02:34:45 +02:00:       '/var/www/meucrm/.next/server/app/(auth)/forgot-password/page.js',
2026-08-04 02:34:45 +02:00:       '/var/www/meucrm/node_modules/next/dist/server/require.js',
2026-08-04 02:34:45 +02:00:       '/var/www/meucrm/node_modules/next/dist/server/next-server.js',
2026-08-04 02:34:45 +02:00:       '/var/www/meucrm/node_modules/next/dist/server/next.js',
2026-08-04 02:34:45 +02:00:       '/var/www/meucrm/node_modules/next/dist/server/lib/start-server.js',
2026-08-04 02:34:45 +02:00:       '/var/www/meucrm/node_modules/next/dist/cli/next-start.js'
2026-08-04 02:34:45 +02:00:     ]
2026-08-04 02:34:45 +02:00:   }
2026-08-04 02:34:45 +02:00: }
2026-08-04 02:34:46 +02:00: ⨯ unhandledRejection:  Error [ChunkLoadError]: Failed to load chunk server/chunks/ssr/[root-of-the-server]__0l4klq3._.js from module 690181
2026-08-04 02:34:46 +02:00:     at ignore-listed frames {
2026-08-04 02:34:46 +02:00:   [cause]: Error: Cannot find module '/var/www/meucrm/.next/server/chunks/ssr/[root-of-the-server]__0l4klq3._.js'
2026-08-04 02:34:46 +02:00:   Require stack:
2026-08-04 02:34:46 +02:00:   - /var/www/meucrm/.next/server/chunks/ssr/[turbopack]_runtime.js
2026-08-04 02:34:46 +02:00:   - /var/www/meucrm/.next/server/app/(auth)/forgot-password/page.js
2026-08-04 02:34:46 +02:00:   - /var/www/meucrm/node_modules/next/dist/server/require.js
2026-08-04 02:34:46 +02:00:   - /var/www/meucrm/node_modules/next/dist/server/next-server.js
2026-08-04 02:34:46 +02:00:   - /var/www/meucrm/node_modules/next/dist/server/next.js
2026-08-04 02:34:46 +02:00:   - /var/www/meucrm/node_modules/next/dist/server/lib/start-server.js
2026-08-04 02:34:46 +02:00:   - /var/www/meucrm/node_modules/next/dist/cli/next-start.js
2026-08-04 02:34:46 +02:00:       at ignore-listed frames {
2026-08-04 02:34:46 +02:00:     code: 'MODULE_NOT_FOUND',
2026-08-04 02:34:46 +02:00:     requireStack: [
2026-08-04 02:34:46 +02:00:       '/var/www/meucrm/.next/server/chunks/ssr/[turbopack]_runtime.js',
2026-08-04 02:34:46 +02:00:       '/var/www/meucrm/.next/server/app/(auth)/forgot-password/page.js',
2026-08-04 02:34:46 +02:00:       '/var/www/meucrm/node_modules/next/dist/server/require.js',
2026-08-04 02:34:46 +02:00:       '/var/www/meucrm/node_modules/next/dist/server/next-server.js',
2026-08-04 02:34:46 +02:00:       '/var/www/meucrm/node_modules/next/dist/server/next.js',
2026-08-04 02:34:46 +02:00:       '/var/www/meucrm/node_modules/next/dist/server/lib/start-server.js',
2026-08-04 02:34:46 +02:00:       '/var/www/meucrm/node_modules/next/dist/cli/next-start.js'
2026-08-04 02:34:46 +02:00:     ]
2026-08-04 02:34:46 +02:00:   }
2026-08-04 02:34:46 +02:00: }
2026-08-04 02:34:47 +02:00: Error [ChunkLoadError]: Failed to load chunk server/chunks/ssr/[root-of-the-server]__0l4klq3._.js from module 690181
2026-08-04 02:34:47 +02:00:     at ignore-listed frames {
2026-08-04 02:34:47 +02:00:   [cause]: Error: Cannot find module '/var/www/meucrm/.next/server/chunks/ssr/[root-of-the-server]__0l4klq3._.js'
2026-08-04 02:34:47 +02:00:   Require stack:
2026-08-04 02:34:47 +02:00:   - /var/www/meucrm/.next/server/chunks/ssr/[turbopack]_runtime.js
2026-08-04 02:34:47 +02:00:   - /var/www/meucrm/.next/server/app/(auth)/forgot-password/page.js
2026-08-04 02:34:47 +02:00:   - /var/www/meucrm/node_modules/next/dist/server/require.js
2026-08-04 02:34:47 +02:00:   - /var/www/meucrm/node_modules/next/dist/server/next-server.js
2026-08-04 02:34:47 +02:00:   - /var/www/meucrm/node_modules/next/dist/server/next.js
2026-08-04 02:34:47 +02:00:   - /var/www/meucrm/node_modules/next/dist/server/lib/start-server.js
2026-08-04 02:34:47 +02:00:   - /var/www/meucrm/node_modules/next/dist/cli/next-start.js
2026-08-04 02:34:47 +02:00:       at ignore-listed frames {
2026-08-04 02:34:47 +02:00:     code: 'MODULE_NOT_FOUND',
2026-08-04 02:34:47 +02:00:     requireStack: [
2026-08-04 02:34:47 +02:00:       '/var/www/meucrm/.next/server/chunks/ssr/[turbopack]_runtime.js',
2026-08-04 02:34:47 +02:00:       '/var/www/meucrm/.next/server/app/(auth)/forgot-password/page.js',
2026-08-04 02:34:47 +02:00:       '/var/www/meucrm/node_modules/next/dist/server/require.js',
2026-08-04 02:34:47 +02:00:       '/var/www/meucrm/node_modules/next/dist/server/next-server.js',
2026-08-04 02:34:47 +02:00:       '/var/www/meucrm/node_modules/next/dist/server/next.js',
2026-08-04 02:34:47 +02:00:       '/var/www/meucrm/node_modules/next/dist/server/lib/start-server.js',
2026-08-04 02:34:47 +02:00:       '/var/www/meucrm/node_modules/next/dist/cli/next-start.js'
2026-08-04 02:34:47 +02:00:     ]
2026-08-04 02:34:47 +02:00:   }
2026-08-04 02:34:47 +02:00: }
2026-08-04 02:34:48 +02:00: Error [ChunkLoadError]: Failed to load chunk server/chunks/ssr/[root-of-the-server]__0l4klq3._.js from module 690181
2026-08-04 02:34:48 +02:00:     at ignore-listed frames {
2026-08-04 02:34:48 +02:00:   [cause]: Error: Cannot find module '/var/www/meucrm/.next/server/chunks/ssr/[root-of-the-server]__0l4klq3._.js'
2026-08-04 02:34:48 +02:00:   Require stack:
2026-08-04 02:34:48 +02:00:   - /var/www/meucrm/.next/server/chunks/ssr/[turbopack]_runtime.js
2026-08-04 02:34:48 +02:00:   - /var/www/meucrm/.next/server/app/(auth)/forgot-password/page.js
2026-08-04 02:34:48 +02:00:   - /var/www/meucrm/node_modules/next/dist/server/require.js
2026-08-04 02:34:48 +02:00:   - /var/www/meucrm/node_modules/next/dist/server/next-server.js
2026-08-04 02:34:48 +02:00:   - /var/www/meucrm/node_modules/next/dist/server/next.js
2026-08-04 02:34:48 +02:00:   - /var/www/meucrm/node_modules/next/dist/server/lib/start-server.js
2026-08-04 02:34:48 +02:00:   - /var/www/meucrm/node_modules/next/dist/cli/next-start.js
2026-08-04 02:34:48 +02:00:       at ignore-listed frames {
2026-08-04 02:34:48 +02:00:     code: 'MODULE_NOT_FOUND',
2026-08-04 02:34:48 +02:00:     requireStack: [
2026-08-04 02:34:48 +02:00:       '/var/www/meucrm/.next/server/chunks/ssr/[turbopack]_runtime.js',
2026-08-04 02:34:48 +02:00:       '/var/www/meucrm/.next/server/app/(auth)/forgot-password/page.js',
2026-08-04 02:34:48 +02:00:       '/var/www/meucrm/node_modules/next/dist/server/require.js',
2026-08-04 02:34:48 +02:00:       '/var/www/meucrm/node_modules/next/dist/server/next-server.js',
2026-08-04 02:34:48 +02:00:       '/var/www/meucrm/node_modules/next/dist/server/next.js',
2026-08-04 02:34:48 +02:00:       '/var/www/meucrm/node_modules/next/dist/server/lib/start-server.js',
2026-08-04 02:34:48 +02:00:       '/var/www/meucrm/node_modules/next/dist/cli/next-start.js'
2026-08-04 02:34:48 +02:00:     ]
2026-08-04 02:34:48 +02:00:   }
2026-08-04 02:34:48 +02:00: }
2026-08-04 02:34:48 +02:00: ⨯ unhandledRejection:  Error [ChunkLoadError]: Failed to load chunk server/chunks/ssr/[root-of-the-server]__0l4klq3._.js from module 690181
2026-08-04 02:34:48 +02:00:     at ignore-listed frames {
2026-08-04 02:34:48 +02:00:   [cause]: Error: Cannot find module '/var/www/meucrm/.next/server/chunks/ssr/[root-of-the-server]__0l4klq3._.js'
2026-08-04 02:34:48 +02:00:   Require stack:
2026-08-04 02:34:48 +02:00:   - /var/www/meucrm/.next/server/chunks/ssr/[turbopack]_runtime.js
2026-08-04 02:34:48 +02:00:   - /var/www/meucrm/.next/server/app/(auth)/forgot-password/page.js
2026-08-04 02:34:48 +02:00:   - /var/www/meucrm/node_modules/next/dist/server/require.js
2026-08-04 02:34:48 +02:00:   - /var/www/meucrm/node_modules/next/dist/server/next-server.js
2026-08-04 02:34:48 +02:00:   - /var/www/meucrm/node_modules/next/dist/server/next.js
2026-08-04 02:34:48 +02:00:   - /var/www/meucrm/node_modules/next/dist/server/lib/start-server.js
2026-08-04 02:34:48 +02:00:   - /var/www/meucrm/node_modules/next/dist/cli/next-start.js
2026-08-04 02:34:48 +02:00:       at ignore-listed frames {
2026-08-04 02:34:48 +02:00:     code: 'MODULE_NOT_FOUND',
2026-08-04 02:34:48 +02:00:     requireStack: [
2026-08-04 02:34:48 +02:00:       '/var/www/meucrm/.next/server/chunks/ssr/[turbopack]_runtime.js',
2026-08-04 02:34:48 +02:00:       '/var/www/meucrm/.next/server/app/(auth)/forgot-password/page.js',
2026-08-04 02:34:48 +02:00:       '/var/www/meucrm/node_modules/next/dist/server/require.js',
2026-08-04 02:34:48 +02:00:       '/var/www/meucrm/node_modules/next/dist/server/next-server.js',
2026-08-04 02:34:48 +02:00:       '/var/www/meucrm/node_modules/next/dist/server/next.js',
2026-08-04 02:34:48 +02:00:       '/var/www/meucrm/node_modules/next/dist/server/lib/start-server.js',
2026-08-04 02:34:48 +02:00:       '/var/www/meucrm/node_modules/next/dist/cli/next-start.js'
2026-08-04 02:34:48 +02:00:     ]
2026-08-04 02:34:48 +02:00:   }
2026-08-04 02:34:48 +02:00: }
2026-08-04 02:34:50 +02:00: Error [ChunkLoadError]: Failed to load chunk server/chunks/ssr/[root-of-the-server]__0l4klq3._.js from module 690181
2026-08-04 02:34:50 +02:00:     at ignore-listed frames {
2026-08-04 02:34:50 +02:00:   [cause]: Error: Cannot find module '/var/www/meucrm/.next/server/chunks/ssr/[root-of-the-server]__0l4klq3._.js'
2026-08-04 02:34:50 +02:00:   Require stack:
2026-08-04 02:34:50 +02:00:   - /var/www/meucrm/.next/server/chunks/ssr/[turbopack]_runtime.js
2026-08-04 02:34:50 +02:00:   - /var/www/meucrm/.next/server/app/(auth)/forgot-password/page.js
2026-08-04 02:34:50 +02:00:   - /var/www/meucrm/node_modules/next/dist/server/require.js
2026-08-04 02:34:50 +02:00:   - /var/www/meucrm/node_modules/next/dist/server/next-server.js
2026-08-04 02:34:50 +02:00:   - /var/www/meucrm/node_modules/next/dist/server/next.js
2026-08-04 02:34:50 +02:00:   - /var/www/meucrm/node_modules/next/dist/server/lib/start-server.js
2026-08-04 02:34:50 +02:00:   - /var/www/meucrm/node_modules/next/dist/cli/next-start.js
2026-08-04 02:34:50 +02:00:       at ignore-listed frames {
2026-08-04 02:34:50 +02:00:     code: 'MODULE_NOT_FOUND',
2026-08-04 02:34:50 +02:00:     requireStack: [
2026-08-04 02:34:50 +02:00:       '/var/www/meucrm/.next/server/chunks/ssr/[turbopack]_runtime.js',
2026-08-04 02:34:50 +02:00:       '/var/www/meucrm/.next/server/app/(auth)/forgot-password/page.js',
2026-08-04 02:34:50 +02:00:       '/var/www/meucrm/node_modules/next/dist/server/require.js',
2026-08-04 02:34:50 +02:00:       '/var/www/meucrm/node_modules/next/dist/server/next-server.js',
2026-08-04 02:34:50 +02:00:       '/var/www/meucrm/node_modules/next/dist/server/next.js',
2026-08-04 02:34:50 +02:00:       '/var/www/meucrm/node_modules/next/dist/server/lib/start-server.js',
2026-08-04 02:34:50 +02:00:       '/var/www/meucrm/node_modules/next/dist/cli/next-start.js'
2026-08-04 02:34:50 +02:00:     ]
2026-08-04 02:34:50 +02:00:   }
2026-08-04 02:34:50 +02:00: }
2026-08-04 02:34:50 +02:00: Error [ChunkLoadError]: Failed to load chunk server/chunks/ssr/[root-of-the-server]__0l4klq3._.js from module 690181
2026-08-04 02:34:50 +02:00:     at ignore-listed frames {
2026-08-04 02:34:50 +02:00:   [cause]: Error: Cannot find module '/var/www/meucrm/.next/server/chunks/ssr/[root-of-the-server]__0l4klq3._.js'
2026-08-04 02:34:50 +02:00:   Require stack:
2026-08-04 02:34:50 +02:00:   - /var/www/meucrm/.next/server/chunks/ssr/[turbopack]_runtime.js
2026-08-04 02:34:50 +02:00:   - /var/www/meucrm/.next/server/app/(auth)/forgot-password/page.js
2026-08-04 02:34:50 +02:00:   - /var/www/meucrm/node_modules/next/dist/server/require.js
2026-08-04 02:34:50 +02:00:   - /var/www/meucrm/node_modules/next/dist/server/next-server.js
2026-08-04 02:34:50 +02:00:   - /var/www/meucrm/node_modules/next/dist/server/next.js
2026-08-04 02:34:50 +02:00:   - /var/www/meucrm/node_modules/next/dist/server/lib/start-server.js
2026-08-04 02:34:50 +02:00:   - /var/www/meucrm/node_modules/next/dist/cli/next-start.js
2026-08-04 02:34:50 +02:00:       at ignore-listed frames {
2026-08-04 02:34:50 +02:00:     code: 'MODULE_NOT_FOUND',
2026-08-04 02:34:50 +02:00:     requireStack: [
2026-08-04 02:34:50 +02:00:       '/var/www/meucrm/.next/server/chunks/ssr/[turbopack]_runtime.js',
2026-08-04 02:34:50 +02:00:       '/var/www/meucrm/.next/server/app/(auth)/forgot-password/page.js',
2026-08-04 02:34:50 +02:00:       '/var/www/meucrm/node_modules/next/dist/server/require.js',
2026-08-04 02:34:50 +02:00:       '/var/www/meucrm/node_modules/next/dist/server/next-server.js',
2026-08-04 02:34:50 +02:00:       '/var/www/meucrm/node_modules/next/dist/server/next.js',
2026-08-04 02:34:50 +02:00:       '/var/www/meucrm/node_modules/next/dist/server/lib/start-server.js',
2026-08-04 02:34:50 +02:00:       '/var/www/meucrm/node_modules/next/dist/cli/next-start.js'
2026-08-04 02:34:50 +02:00:     ]
2026-08-04 02:34:50 +02:00:   }
2026-08-04 02:34:50 +02:00: }
2026-08-04 02:34:51 +02:00: ⨯ unhandledRejection:  Error [ChunkLoadError]: Failed to load chunk server/chunks/ssr/[root-of-the-server]__0l4klq3._.js from module 690181
2026-08-04 02:34:51 +02:00:     at ignore-listed frames {
2026-08-04 02:34:51 +02:00:   [cause]: Error: Cannot find module '/var/www/meucrm/.next/server/chunks/ssr/[root-of-the-server]__0l4klq3._.js'
2026-08-04 02:34:51 +02:00:   Require stack:
2026-08-04 02:34:51 +02:00:   - /var/www/meucrm/.next/server/chunks/ssr/[turbopack]_runtime.js
2026-08-04 02:34:51 +02:00:   - /var/www/meucrm/.next/server/app/(auth)/forgot-password/page.js
2026-08-04 02:34:51 +02:00:   - /var/www/meucrm/node_modules/next/dist/server/require.js
2026-08-04 02:34:51 +02:00:   - /var/www/meucrm/node_modules/next/dist/server/next-server.js
2026-08-04 02:34:51 +02:00:   - /var/www/meucrm/node_modules/next/dist/server/next.js
2026-08-04 02:34:51 +02:00:   - /var/www/meucrm/node_modules/next/dist/server/lib/start-server.js
2026-08-04 02:34:51 +02:00:   - /var/www/meucrm/node_modules/next/dist/cli/next-start.js
2026-08-04 02:34:51 +02:00:       at ignore-listed frames {
2026-08-04 02:34:51 +02:00:     code: 'MODULE_NOT_FOUND',
2026-08-04 02:34:51 +02:00:     requireStack: [
2026-08-04 02:34:51 +02:00:       '/var/www/meucrm/.next/server/chunks/ssr/[turbopack]_runtime.js',
2026-08-04 02:34:51 +02:00:       '/var/www/meucrm/.next/server/app/(auth)/forgot-password/page.js',
2026-08-04 02:34:51 +02:00:       '/var/www/meucrm/node_modules/next/dist/server/require.js',
2026-08-04 02:34:51 +02:00:       '/var/www/meucrm/node_modules/next/dist/server/next-server.js',
2026-08-04 02:34:51 +02:00:       '/var/www/meucrm/node_modules/next/dist/server/next.js',
2026-08-04 02:34:51 +02:00:       '/var/www/meucrm/node_modules/next/dist/server/lib/start-server.js',
2026-08-04 02:34:51 +02:00:       '/var/www/meucrm/node_modules/next/dist/cli/next-start.js'
2026-08-04 02:34:51 +02:00:     ]
2026-08-04 02:34:51 +02:00:   }
2026-08-04 02:34:51 +02:00: }
2026-08-04 02:34:52 +02:00: Error [ChunkLoadError]: Failed to load chunk server/chunks/ssr/[root-of-the-server]__0l4klq3._.js from module 690181
2026-08-04 02:34:52 +02:00:     at ignore-listed frames {
2026-08-04 02:34:52 +02:00:   [cause]: Error: Cannot find module '/var/www/meucrm/.next/server/chunks/ssr/[root-of-the-server]__0l4klq3._.js'
2026-08-04 02:34:52 +02:00:   Require stack:
2026-08-04 02:34:52 +02:00:   - /var/www/meucrm/.next/server/chunks/ssr/[turbopack]_runtime.js
2026-08-04 02:34:52 +02:00:   - /var/www/meucrm/.next/server/app/(auth)/forgot-password/page.js
2026-08-04 02:34:52 +02:00:   - /var/www/meucrm/node_modules/next/dist/server/require.js
2026-08-04 02:34:52 +02:00:   - /var/www/meucrm/node_modules/next/dist/server/next-server.js
2026-08-04 02:34:52 +02:00:   - /var/www/meucrm/node_modules/next/dist/server/next.js
2026-08-04 02:34:52 +02:00:   - /var/www/meucrm/node_modules/next/dist/server/lib/start-server.js
2026-08-04 02:34:52 +02:00:   - /var/www/meucrm/node_modules/next/dist/cli/next-start.js
2026-08-04 02:34:52 +02:00:       at ignore-listed frames {
2026-08-04 02:34:52 +02:00:     code: 'MODULE_NOT_FOUND',
2026-08-04 02:34:52 +02:00:     requireStack: [
2026-08-04 02:34:52 +02:00:       '/var/www/meucrm/.next/server/chunks/ssr/[turbopack]_runtime.js',
2026-08-04 02:34:52 +02:00:       '/var/www/meucrm/.next/server/app/(auth)/forgot-password/page.js',
2026-08-04 02:34:52 +02:00:       '/var/www/meucrm/node_modules/next/dist/server/require.js',
2026-08-04 02:34:52 +02:00:       '/var/www/meucrm/node_modules/next/dist/server/next-server.js',
2026-08-04 02:34:52 +02:00:       '/var/www/meucrm/node_modules/next/dist/server/next.js',
2026-08-04 02:34:52 +02:00:       '/var/www/meucrm/node_modules/next/dist/server/lib/start-server.js',
2026-08-04 02:34:52 +02:00:       '/var/www/meucrm/node_modules/next/dist/cli/next-start.js'
2026-08-04 02:34:52 +02:00:     ]
2026-08-04 02:34:52 +02:00:   }
2026-08-04 02:34:52 +02:00: }
2026-08-04 02:34:52 +02:00: Error [ChunkLoadError]: Failed to load chunk server/chunks/ssr/[root-of-the-server]__0l4klq3._.js from module 690181
2026-08-04 02:34:52 +02:00:     at ignore-listed frames {
2026-08-04 02:34:52 +02:00:   [cause]: Error: Cannot find module '/var/www/meucrm/.next/server/chunks/ssr/[root-of-the-server]__0l4klq3._.js'
2026-08-04 02:34:52 +02:00:   Require stack:
2026-08-04 02:34:52 +02:00:   - /var/www/meucrm/.next/server/chunks/ssr/[turbopack]_runtime.js
2026-08-04 02:34:52 +02:00:   - /var/www/meucrm/.next/server/app/(auth)/forgot-password/page.js
2026-08-04 02:34:52 +02:00:   - /var/www/meucrm/node_modules/next/dist/server/require.js
2026-08-04 02:34:52 +02:00:   - /var/www/meucrm/node_modules/next/dist/server/next-server.js
2026-08-04 02:34:52 +02:00:   - /var/www/meucrm/node_modules/next/dist/server/next.js
2026-08-04 02:34:52 +02:00:   - /var/www/meucrm/node_modules/next/dist/server/lib/start-server.js
2026-08-04 02:34:52 +02:00:   - /var/www/meucrm/node_modules/next/dist/cli/next-start.js
2026-08-04 02:34:52 +02:00:       at ignore-listed frames {
2026-08-04 02:34:52 +02:00:     code: 'MODULE_NOT_FOUND',
2026-08-04 02:34:52 +02:00:     requireStack: [
2026-08-04 02:34:52 +02:00:       '/var/www/meucrm/.next/server/chunks/ssr/[turbopack]_runtime.js',
2026-08-04 02:34:52 +02:00:       '/var/www/meucrm/.next/server/app/(auth)/forgot-password/page.js',
2026-08-04 02:34:52 +02:00:       '/var/www/meucrm/node_modules/next/dist/server/require.js',
2026-08-04 02:34:52 +02:00:       '/var/www/meucrm/node_modules/next/dist/server/next-server.js',
2026-08-04 02:34:52 +02:00:       '/var/www/meucrm/node_modules/next/dist/server/next.js',
2026-08-04 02:34:52 +02:00:       '/var/www/meucrm/node_modules/next/dist/server/lib/start-server.js',
2026-08-04 02:34:52 +02:00:       '/var/www/meucrm/node_modules/next/dist/cli/next-start.js'
2026-08-04 02:34:52 +02:00:     ]
2026-08-04 02:34:52 +02:00:   }
2026-08-04 02:34:52 +02:00: }
2026-08-04 02:34:53 +02:00: ⨯ unhandledRejection:  Error [ChunkLoadError]: Failed to load chunk server/chunks/ssr/[root-of-the-server]__0l4klq3._.js from module 690181
2026-08-04 02:34:53 +02:00:     at ignore-listed frames {
2026-08-04 02:34:53 +02:00:   [cause]: Error: Cannot find module '/var/www/meucrm/.next/server/chunks/ssr/[root-of-the-server]__0l4klq3._.js'
2026-08-04 02:34:53 +02:00:   Require stack:
2026-08-04 02:34:53 +02:00:   - /var/www/meucrm/.next/server/chunks/ssr/[turbopack]_runtime.js
2026-08-04 02:34:53 +02:00:   - /var/www/meucrm/.next/server/app/(auth)/forgot-password/page.js
2026-08-04 02:34:53 +02:00:   - /var/www/meucrm/node_modules/next/dist/server/require.js
2026-08-04 02:34:53 +02:00:   - /var/www/meucrm/node_modules/next/dist/server/next-server.js
2026-08-04 02:34:53 +02:00:   - /var/www/meucrm/node_modules/next/dist/server/next.js
2026-08-04 02:34:53 +02:00:   - /var/www/meucrm/node_modules/next/dist/server/lib/start-server.js
2026-08-04 02:34:53 +02:00:   - /var/www/meucrm/node_modules/next/dist/cli/next-start.js
2026-08-04 02:34:53 +02:00:       at ignore-listed frames {
2026-08-04 02:34:53 +02:00:     code: 'MODULE_NOT_FOUND',
2026-08-04 02:34:53 +02:00:     requireStack: [
2026-08-04 02:34:53 +02:00:       '/var/www/meucrm/.next/server/chunks/ssr/[turbopack]_runtime.js',
2026-08-04 02:34:53 +02:00:       '/var/www/meucrm/.next/server/app/(auth)/forgot-password/page.js',
2026-08-04 02:34:53 +02:00:       '/var/www/meucrm/node_modules/next/dist/server/require.js',
2026-08-04 02:34:53 +02:00:       '/var/www/meucrm/node_modules/next/dist/server/next-server.js',
2026-08-04 02:34:53 +02:00:       '/var/www/meucrm/node_modules/next/dist/server/next.js',
2026-08-04 02:34:53 +02:00:       '/var/www/meucrm/node_modules/next/dist/server/lib/start-server.js',
2026-08-04 02:34:53 +02:00:       '/var/www/meucrm/node_modules/next/dist/cli/next-start.js'
2026-08-04 02:34:53 +02:00:     ]
2026-08-04 02:34:53 +02:00:   }
2026-08-04 02:34:53 +02:00: }
2026-08-04 02:34:54 +02:00: Error [ChunkLoadError]: Failed to load chunk server/chunks/ssr/[root-of-the-server]__0l4klq3._.js from module 690181
2026-08-04 02:34:54 +02:00:     at ignore-listed frames {
2026-08-04 02:34:54 +02:00:   [cause]: Error: Cannot find module '/var/www/meucrm/.next/server/chunks/ssr/[root-of-the-server]__0l4klq3._.js'
2026-08-04 02:34:54 +02:00:   Require stack:
2026-08-04 02:34:54 +02:00:   - /var/www/meucrm/.next/server/chunks/ssr/[turbopack]_runtime.js
2026-08-04 02:34:54 +02:00:   - /var/www/meucrm/.next/server/app/(auth)/forgot-password/page.js
2026-08-04 02:34:54 +02:00:   - /var/www/meucrm/node_modules/next/dist/server/require.js
2026-08-04 02:34:54 +02:00:   - /var/www/meucrm/node_modules/next/dist/server/next-server.js
2026-08-04 02:34:54 +02:00:   - /var/www/meucrm/node_modules/next/dist/server/next.js
2026-08-04 02:34:54 +02:00:   - /var/www/meucrm/node_modules/next/dist/server/lib/start-server.js
2026-08-04 02:34:54 +02:00:   - /var/www/meucrm/node_modules/next/dist/cli/next-start.js
2026-08-04 02:34:54 +02:00:       at ignore-listed frames {
2026-08-04 02:34:54 +02:00:     code: 'MODULE_NOT_FOUND',
2026-08-04 02:34:54 +02:00:     requireStack: [
2026-08-04 02:34:54 +02:00:       '/var/www/meucrm/.next/server/chunks/ssr/[turbopack]_runtime.js',
2026-08-04 02:34:54 +02:00:       '/var/www/meucrm/.next/server/app/(auth)/forgot-password/page.js',
2026-08-04 02:34:54 +02:00:       '/var/www/meucrm/node_modules/next/dist/server/require.js',
2026-08-04 02:34:54 +02:00:       '/var/www/meucrm/node_modules/next/dist/server/next-server.js',
2026-08-04 02:34:54 +02:00:       '/var/www/meucrm/node_modules/next/dist/server/next.js',
2026-08-04 02:34:54 +02:00:       '/var/www/meucrm/node_modules/next/dist/server/lib/start-server.js',
2026-08-04 02:34:54 +02:00:       '/var/www/meucrm/node_modules/next/dist/cli/next-start.js'
2026-08-04 02:34:54 +02:00:     ]
2026-08-04 02:34:54 +02:00:   }
2026-08-04 02:34:54 +02:00: }
2026-08-04 02:34:55 +02:00: Error [ChunkLoadError]: Failed to load chunk server/chunks/ssr/[root-of-the-server]__0l4klq3._.js from module 690181
2026-08-04 02:34:55 +02:00:     at ignore-listed frames {
2026-08-04 02:34:55 +02:00:   [cause]: Error: Cannot find module '/var/www/meucrm/.next/server/chunks/ssr/[root-of-the-server]__0l4klq3._.js'
2026-08-04 02:34:55 +02:00:   Require stack:
2026-08-04 02:34:55 +02:00:   - /var/www/meucrm/.next/server/chunks/ssr/[turbopack]_runtime.js
2026-08-04 02:34:55 +02:00:   - /var/www/meucrm/.next/server/app/(auth)/forgot-password/page.js
2026-08-04 02:34:55 +02:00:   - /var/www/meucrm/node_modules/next/dist/server/require.js
2026-08-04 02:34:55 +02:00:   - /var/www/meucrm/node_modules/next/dist/server/next-server.js
2026-08-04 02:34:55 +02:00:   - /var/www/meucrm/node_modules/next/dist/server/next.js
2026-08-04 02:34:55 +02:00:   - /var/www/meucrm/node_modules/next/dist/server/lib/start-server.js
2026-08-04 02:34:55 +02:00:   - /var/www/meucrm/node_modules/next/dist/cli/next-start.js
2026-08-04 02:34:55 +02:00:       at ignore-listed frames {
2026-08-04 02:34:55 +02:00:     code: 'MODULE_NOT_FOUND',
2026-08-04 02:34:55 +02:00:     requireStack: [
2026-08-04 02:34:55 +02:00:       '/var/www/meucrm/.next/server/chunks/ssr/[turbopack]_runtime.js',
2026-08-04 02:34:55 +02:00:       '/var/www/meucrm/.next/server/app/(auth)/forgot-password/page.js',
2026-08-04 02:34:55 +02:00:       '/var/www/meucrm/node_modules/next/dist/server/require.js',
2026-08-04 02:34:55 +02:00:       '/var/www/meucrm/node_modules/next/dist/server/next-server.js',
2026-08-04 02:34:55 +02:00:       '/var/www/meucrm/node_modules/next/dist/server/next.js',
2026-08-04 02:34:55 +02:00:       '/var/www/meucrm/node_modules/next/dist/server/lib/start-server.js',
2026-08-04 02:34:55 +02:00:       '/var/www/meucrm/node_modules/next/dist/cli/next-start.js'
2026-08-04 02:34:55 +02:00:     ]
2026-08-04 02:34:55 +02:00:   }
2026-08-04 02:34:55 +02:00: }
2026-08-04 02:34:55 +02:00: ⨯ unhandledRejection:  Error [ChunkLoadError]: Failed to load chunk server/chunks/ssr/[root-of-the-server]__0l4klq3._.js from module 690181
2026-08-04 02:34:55 +02:00:     at ignore-listed frames {
2026-08-04 02:34:55 +02:00:   [cause]: Error: Cannot find module '/var/www/meucrm/.next/server/chunks/ssr/[root-of-the-server]__0l4klq3._.js'
2026-08-04 02:34:55 +02:00:   Require stack:
2026-08-04 02:34:55 +02:00:   - /var/www/meucrm/.next/server/chunks/ssr/[turbopack]_runtime.js
2026-08-04 02:34:55 +02:00:   - /var/www/meucrm/.next/server/app/(auth)/forgot-password/page.js
2026-08-04 02:34:55 +02:00:   - /var/www/meucrm/node_modules/next/dist/server/require.js
2026-08-04 02:34:55 +02:00:   - /var/www/meucrm/node_modules/next/dist/server/next-server.js
2026-08-04 02:34:55 +02:00:   - /var/www/meucrm/node_modules/next/dist/server/next.js
2026-08-04 02:34:55 +02:00:   - /var/www/meucrm/node_modules/next/dist/server/lib/start-server.js
2026-08-04 02:34:55 +02:00:   - /var/www/meucrm/node_modules/next/dist/cli/next-start.js
2026-08-04 02:34:55 +02:00:       at ignore-listed frames {
2026-08-04 02:34:55 +02:00:     code: 'MODULE_NOT_FOUND',
2026-08-04 02:34:55 +02:00:     requireStack: [
2026-08-04 02:34:55 +02:00:       '/var/www/meucrm/.next/server/chunks/ssr/[turbopack]_runtime.js',
2026-08-04 02:34:55 +02:00:       '/var/www/meucrm/.next/server/app/(auth)/forgot-password/page.js',
2026-08-04 02:34:55 +02:00:       '/var/www/meucrm/node_modules/next/dist/server/require.js',
2026-08-04 02:34:55 +02:00:       '/var/www/meucrm/node_modules/next/dist/server/next-server.js',
2026-08-04 02:34:55 +02:00:       '/var/www/meucrm/node_modules/next/dist/server/next.js',
2026-08-04 02:34:55 +02:00:       '/var/www/meucrm/node_modules/next/dist/server/lib/start-server.js',
2026-08-04 02:34:55 +02:00:       '/var/www/meucrm/node_modules/next/dist/cli/next-start.js'
2026-08-04 02:34:55 +02:00:     ]
2026-08-04 02:34:55 +02:00:   }
2026-08-04 02:34:55 +02:00: }
2026-08-04 02:34:56 +02:00: Error [ChunkLoadError]: Failed to load chunk server/chunks/ssr/[root-of-the-server]__0l4klq3._.js from module 690181
2026-08-04 02:34:56 +02:00:     at ignore-listed frames {
2026-08-04 02:34:56 +02:00:   [cause]: Error: Cannot find module '/var/www/meucrm/.next/server/chunks/ssr/[root-of-the-server]__0l4klq3._.js'
2026-08-04 02:34:56 +02:00:   Require stack:
2026-08-04 02:34:56 +02:00:   - /var/www/meucrm/.next/server/chunks/ssr/[turbopack]_runtime.js
2026-08-04 02:34:56 +02:00:   - /var/www/meucrm/.next/server/app/(auth)/forgot-password/page.js
2026-08-04 02:34:56 +02:00:   - /var/www/meucrm/node_modules/next/dist/server/require.js
2026-08-04 02:34:56 +02:00:   - /var/www/meucrm/node_modules/next/dist/server/next-server.js
2026-08-04 02:34:56 +02:00:   - /var/www/meucrm/node_modules/next/dist/server/next.js
2026-08-04 02:34:56 +02:00:   - /var/www/meucrm/node_modules/next/dist/server/lib/start-server.js
2026-08-04 02:34:56 +02:00:   - /var/www/meucrm/node_modules/next/dist/cli/next-start.js
2026-08-04 02:34:56 +02:00:       at ignore-listed frames {
2026-08-04 02:34:56 +02:00:     code: 'MODULE_NOT_FOUND',
2026-08-04 02:34:56 +02:00:     requireStack: [
2026-08-04 02:34:56 +02:00:       '/var/www/meucrm/.next/server/chunks/ssr/[turbopack]_runtime.js',
2026-08-04 02:34:56 +02:00:       '/var/www/meucrm/.next/server/app/(auth)/forgot-password/page.js',
2026-08-04 02:34:56 +02:00:       '/var/www/meucrm/node_modules/next/dist/server/require.js',
2026-08-04 02:34:56 +02:00:       '/var/www/meucrm/node_modules/next/dist/server/next-server.js',
2026-08-04 02:34:56 +02:00:       '/var/www/meucrm/node_modules/next/dist/server/next.js',
2026-08-04 02:34:56 +02:00:       '/var/www/meucrm/node_modules/next/dist/server/lib/start-server.js',
2026-08-04 02:34:56 +02:00:       '/var/www/meucrm/node_modules/next/dist/cli/next-start.js'
2026-08-04 02:34:56 +02:00:     ]
2026-08-04 02:34:56 +02:00:   }
2026-08-04 02:34:56 +02:00: }
2026-08-04 02:34:57 +02:00: Error [ChunkLoadError]: Failed to load chunk server/chunks/ssr/[root-of-the-server]__0l4klq3._.js from module 690181
2026-08-04 02:34:57 +02:00:     at ignore-listed frames {
2026-08-04 02:34:57 +02:00:   [cause]: Error: Cannot find module '/var/www/meucrm/.next/server/chunks/ssr/[root-of-the-server]__0l4klq3._.js'
2026-08-04 02:34:57 +02:00:   Require stack:
2026-08-04 02:34:57 +02:00:   - /var/www/meucrm/.next/server/chunks/ssr/[turbopack]_runtime.js
2026-08-04 02:34:57 +02:00:   - /var/www/meucrm/.next/server/app/(auth)/forgot-password/page.js
2026-08-04 02:34:57 +02:00:   - /var/www/meucrm/node_modules/next/dist/server/require.js
2026-08-04 02:34:57 +02:00:   - /var/www/meucrm/node_modules/next/dist/server/next-server.js
2026-08-04 02:34:57 +02:00:   - /var/www/meucrm/node_modules/next/dist/server/next.js
2026-08-04 02:34:57 +02:00:   - /var/www/meucrm/node_modules/next/dist/server/lib/start-server.js
2026-08-04 02:34:57 +02:00:   - /var/www/meucrm/node_modules/next/dist/cli/next-start.js
2026-08-04 02:34:57 +02:00:       at ignore-listed frames {
2026-08-04 02:34:57 +02:00:     code: 'MODULE_NOT_FOUND',
2026-08-04 02:34:57 +02:00:     requireStack: [
2026-08-04 02:34:57 +02:00:       '/var/www/meucrm/.next/server/chunks/ssr/[turbopack]_runtime.js',
2026-08-04 02:34:57 +02:00:       '/var/www/meucrm/.next/server/app/(auth)/forgot-password/page.js',
2026-08-04 02:34:57 +02:00:       '/var/www/meucrm/node_modules/next/dist/server/require.js',
2026-08-04 02:34:57 +02:00:       '/var/www/meucrm/node_modules/next/dist/server/next-server.js',
2026-08-04 02:34:57 +02:00:       '/var/www/meucrm/node_modules/next/dist/server/next.js',
2026-08-04 02:34:57 +02:00:       '/var/www/meucrm/node_modules/next/dist/server/lib/start-server.js',
2026-08-04 02:34:57 +02:00:       '/var/www/meucrm/node_modules/next/dist/cli/next-start.js'
2026-08-04 02:34:57 +02:00:     ]
2026-08-04 02:34:57 +02:00:   }
2026-08-04 02:34:57 +02:00: }
2026-08-04 02:34:58 +02:00: ⨯ unhandledRejection:  Error [ChunkLoadError]: Failed to load chunk server/chunks/ssr/[root-of-the-server]__0l4klq3._.js from module 690181
2026-08-04 02:34:58 +02:00:     at ignore-listed frames {
2026-08-04 02:34:58 +02:00:   [cause]: Error: Cannot find module '/var/www/meucrm/.next/server/chunks/ssr/[root-of-the-server]__0l4klq3._.js'
2026-08-04 02:34:58 +02:00:   Require stack:
2026-08-04 02:34:58 +02:00:   - /var/www/meucrm/.next/server/chunks/ssr/[turbopack]_runtime.js
2026-08-04 02:34:58 +02:00:   - /var/www/meucrm/.next/server/app/(auth)/forgot-password/page.js
2026-08-04 02:34:58 +02:00:   - /var/www/meucrm/node_modules/next/dist/server/require.js
2026-08-04 02:34:58 +02:00:   - /var/www/meucrm/node_modules/next/dist/server/next-server.js
2026-08-04 02:34:58 +02:00:   - /var/www/meucrm/node_modules/next/dist/server/next.js
2026-08-04 02:34:58 +02:00:   - /var/www/meucrm/node_modules/next/dist/server/lib/start-server.js
2026-08-04 02:34:58 +02:00:   - /var/www/meucrm/node_modules/next/dist/cli/next-start.js
2026-08-04 02:34:58 +02:00:       at ignore-listed frames {
2026-08-04 02:34:58 +02:00:     code: 'MODULE_NOT_FOUND',
2026-08-04 02:34:58 +02:00:     requireStack: [
2026-08-04 02:34:58 +02:00:       '/var/www/meucrm/.next/server/chunks/ssr/[turbopack]_runtime.js',
2026-08-04 02:34:58 +02:00:       '/var/www/meucrm/.next/server/app/(auth)/forgot-password/page.js',
2026-08-04 02:34:58 +02:00:       '/var/www/meucrm/node_modules/next/dist/server/require.js',
2026-08-04 02:34:58 +02:00:       '/var/www/meucrm/node_modules/next/dist/server/next-server.js',
2026-08-04 02:34:58 +02:00:       '/var/www/meucrm/node_modules/next/dist/server/next.js',
2026-08-04 02:34:58 +02:00:       '/var/www/meucrm/node_modules/next/dist/server/lib/start-server.js',
2026-08-04 02:34:58 +02:00:       '/var/www/meucrm/node_modules/next/dist/cli/next-start.js'
2026-08-04 02:34:58 +02:00:     ]
2026-08-04 02:34:58 +02:00:   }
2026-08-04 02:34:58 +02:00: }
2026-08-04 02:34:59 +02:00: Error [ChunkLoadError]: Failed to load chunk server/chunks/ssr/[root-of-the-server]__0i-tm9x._.js from module 690181
2026-08-04 02:34:59 +02:00:     at ignore-listed frames {
2026-08-04 02:34:59 +02:00:   digest: '3352747004',
2026-08-04 02:34:59 +02:00:   [cause]: Error: Cannot find module '/var/www/meucrm/.next/server/chunks/ssr/[root-of-the-server]__0i-tm9x._.js'
2026-08-04 02:34:59 +02:00:   Require stack:
2026-08-04 02:34:59 +02:00:   - /var/www/meucrm/.next/server/chunks/ssr/[turbopack]_runtime.js
2026-08-04 02:34:59 +02:00:   - /var/www/meucrm/.next/server/app/(auth)/forgot-password/page.js
2026-08-04 02:34:59 +02:00:   - /var/www/meucrm/node_modules/next/dist/server/require.js
2026-08-04 02:34:59 +02:00:   - /var/www/meucrm/node_modules/next/dist/server/next-server.js
2026-08-04 02:34:59 +02:00:   - /var/www/meucrm/node_modules/next/dist/server/next.js
2026-08-04 02:34:59 +02:00:   - /var/www/meucrm/node_modules/next/dist/server/lib/start-server.js
2026-08-04 02:34:59 +02:00:   - /var/www/meucrm/node_modules/next/dist/cli/next-start.js
2026-08-04 02:34:59 +02:00:       at ignore-listed frames {
2026-08-04 02:34:59 +02:00:     code: 'MODULE_NOT_FOUND',
2026-08-04 02:34:59 +02:00:     requireStack: [
2026-08-04 02:34:59 +02:00:       '/var/www/meucrm/.next/server/chunks/ssr/[turbopack]_runtime.js',
2026-08-04 02:34:59 +02:00:       '/var/www/meucrm/.next/server/app/(auth)/forgot-password/page.js',
2026-08-04 02:34:59 +02:00:       '/var/www/meucrm/node_modules/next/dist/server/require.js',
2026-08-04 02:34:59 +02:00:       '/var/www/meucrm/node_modules/next/dist/server/next-server.js',
2026-08-04 02:34:59 +02:00:       '/var/www/meucrm/node_modules/next/dist/server/next.js',
2026-08-04 02:34:59 +02:00:       '/var/www/meucrm/node_modules/next/dist/server/lib/start-server.js',
2026-08-04 02:34:59 +02:00:       '/var/www/meucrm/node_modules/next/dist/cli/next-start.js'
2026-08-04 02:34:59 +02:00:     ]
2026-08-04 02:34:59 +02:00:   }
2026-08-04 02:34:59 +02:00: }
2026-08-04 02:34:59 +02:00: Error [ChunkLoadError]: Failed to load chunk server/chunks/ssr/[root-of-the-server]__0i-tm9x._.js from module 690181
2026-08-04 02:34:59 +02:00:     at ignore-listed frames {
2026-08-04 02:34:59 +02:00:   digest: '3352747004',
2026-08-04 02:34:59 +02:00:   [cause]: Error: Cannot find module '/var/www/meucrm/.next/server/chunks/ssr/[root-of-the-server]__0i-tm9x._.js'
2026-08-04 02:34:59 +02:00:   Require stack:
2026-08-04 02:34:59 +02:00:   - /var/www/meucrm/.next/server/chunks/ssr/[turbopack]_runtime.js
2026-08-04 02:34:59 +02:00:   - /var/www/meucrm/.next/server/app/(auth)/forgot-password/page.js
2026-08-04 02:34:59 +02:00:   - /var/www/meucrm/node_modules/next/dist/server/require.js
2026-08-04 02:34:59 +02:00:   - /var/www/meucrm/node_modules/next/dist/server/next-server.js
2026-08-04 02:34:59 +02:00:   - /var/www/meucrm/node_modules/next/dist/server/next.js
2026-08-04 02:34:59 +02:00:   - /var/www/meucrm/node_modules/next/dist/server/lib/start-server.js
2026-08-04 02:34:59 +02:00:   - /var/www/meucrm/node_modules/next/dist/cli/next-start.js
2026-08-04 02:34:59 +02:00:       at ignore-listed frames {
2026-08-04 02:34:59 +02:00:     code: 'MODULE_NOT_FOUND',
2026-08-04 02:34:59 +02:00:     requireStack: [
2026-08-04 02:34:59 +02:00:       '/var/www/meucrm/.next/server/chunks/ssr/[turbopack]_runtime.js',
2026-08-04 02:34:59 +02:00:       '/var/www/meucrm/.next/server/app/(auth)/forgot-password/page.js',
2026-08-04 02:34:59 +02:00:       '/var/www/meucrm/node_modules/next/dist/server/require.js',
2026-08-04 02:34:59 +02:00:       '/var/www/meucrm/node_modules/next/dist/server/next-server.js',
2026-08-04 02:34:59 +02:00:       '/var/www/meucrm/node_modules/next/dist/server/next.js',
2026-08-04 02:34:59 +02:00:       '/var/www/meucrm/node_modules/next/dist/server/lib/start-server.js',
2026-08-04 02:34:59 +02:00:       '/var/www/meucrm/node_modules/next/dist/cli/next-start.js'
2026-08-04 02:34:59 +02:00:     ]
2026-08-04 02:34:59 +02:00:   }
2026-08-04 02:34:59 +02:00: }
2026-08-04 02:35:01 +02:00: ⨯ unhandledRejection:  Error [ChunkLoadError]: Failed to load chunk server/chunks/ssr/[root-of-the-server]__0i-tm9x._.js from module 690181
2026-08-04 02:35:01 +02:00:     at ignore-listed frames {
2026-08-04 02:35:01 +02:00:   digest: '3352747004',
2026-08-04 02:35:01 +02:00:   [cause]: Error: Cannot find module '/var/www/meucrm/.next/server/chunks/ssr/[root-of-the-server]__0i-tm9x._.js'
2026-08-04 02:35:01 +02:00:   Require stack:
2026-08-04 02:35:01 +02:00:   - /var/www/meucrm/.next/server/chunks/ssr/[turbopack]_runtime.js
2026-08-04 02:35:01 +02:00:   - /var/www/meucrm/.next/server/app/(auth)/forgot-password/page.js
2026-08-04 02:35:01 +02:00:   - /var/www/meucrm/node_modules/next/dist/server/require.js
2026-08-04 02:35:01 +02:00:   - /var/www/meucrm/node_modules/next/dist/server/next-server.js
2026-08-04 02:35:01 +02:00:   - /var/www/meucrm/node_modules/next/dist/server/next.js
2026-08-04 02:35:01 +02:00:   - /var/www/meucrm/node_modules/next/dist/server/lib/start-server.js
2026-08-04 02:35:01 +02:00:   - /var/www/meucrm/node_modules/next/dist/cli/next-start.js
2026-08-04 02:35:01 +02:00:       at ignore-listed frames {
2026-08-04 02:35:01 +02:00:     code: 'MODULE_NOT_FOUND',
2026-08-04 02:35:01 +02:00:     requireStack: [
2026-08-04 02:35:01 +02:00:       '/var/www/meucrm/.next/server/chunks/ssr/[turbopack]_runtime.js',
2026-08-04 02:35:01 +02:00:       '/var/www/meucrm/.next/server/app/(auth)/forgot-password/page.js',
2026-08-04 02:35:01 +02:00:       '/var/www/meucrm/node_modules/next/dist/server/require.js',
2026-08-04 02:35:01 +02:00:       '/var/www/meucrm/node_modules/next/dist/server/next-server.js',
2026-08-04 02:35:01 +02:00:       '/var/www/meucrm/node_modules/next/dist/server/next.js',
2026-08-04 02:35:01 +02:00:       '/var/www/meucrm/node_modules/next/dist/server/lib/start-server.js',
2026-08-04 02:35:01 +02:00:       '/var/www/meucrm/node_modules/next/dist/cli/next-start.js'
2026-08-04 02:35:01 +02:00:     ]
2026-08-04 02:35:01 +02:00:   }
2026-08-04 02:35:01 +02:00: }
2026-08-04 02:35:02 +02:00: Error [ChunkLoadError]: Failed to load chunk server/chunks/ssr/[root-of-the-server]__0l4klq3._.js from module 690181
2026-08-04 02:35:02 +02:00:     at ignore-listed frames {
2026-08-04 02:35:02 +02:00:   [cause]: Error: Cannot find module '/var/www/meucrm/.next/server/chunks/ssr/[root-of-the-server]__0l4klq3._.js'
2026-08-04 02:35:02 +02:00:   Require stack:
2026-08-04 02:35:02 +02:00:   - /var/www/meucrm/.next/server/chunks/ssr/[turbopack]_runtime.js
2026-08-04 02:35:02 +02:00:   - /var/www/meucrm/.next/server/app/(auth)/forgot-password/page.js
2026-08-04 02:35:02 +02:00:   - /var/www/meucrm/node_modules/next/dist/server/require.js
2026-08-04 02:35:02 +02:00:   - /var/www/meucrm/node_modules/next/dist/server/next-server.js
2026-08-04 02:35:02 +02:00:   - /var/www/meucrm/node_modules/next/dist/server/next.js
2026-08-04 02:35:02 +02:00:   - /var/www/meucrm/node_modules/next/dist/server/lib/start-server.js
2026-08-04 02:35:02 +02:00:   - /var/www/meucrm/node_modules/next/dist/cli/next-start.js
2026-08-04 02:35:02 +02:00:       at ignore-listed frames {
2026-08-04 02:35:02 +02:00:     code: 'MODULE_NOT_FOUND',
2026-08-04 02:35:02 +02:00:     requireStack: [
2026-08-04 02:35:02 +02:00:       '/var/www/meucrm/.next/server/chunks/ssr/[turbopack]_runtime.js',
2026-08-04 02:35:02 +02:00:       '/var/www/meucrm/.next/server/app/(auth)/forgot-password/page.js',
2026-08-04 02:35:02 +02:00:       '/var/www/meucrm/node_modules/next/dist/server/require.js',
2026-08-04 02:35:02 +02:00:       '/var/www/meucrm/node_modules/next/dist/server/next-server.js',
2026-08-04 02:35:02 +02:00:       '/var/www/meucrm/node_modules/next/dist/server/next.js',
2026-08-04 02:35:02 +02:00:       '/var/www/meucrm/node_modules/next/dist/server/lib/start-server.js',
2026-08-04 02:35:02 +02:00:       '/var/www/meucrm/node_modules/next/dist/cli/next-start.js'
2026-08-04 02:35:02 +02:00:     ]
2026-08-04 02:35:02 +02:00:   }
2026-08-04 02:35:02 +02:00: }
2026-08-04 02:35:03 +02:00: Error [ChunkLoadError]: Failed to load chunk server/chunks/ssr/[root-of-the-server]__0l4klq3._.js from module 690181
2026-08-04 02:35:03 +02:00:     at ignore-listed frames {
2026-08-04 02:35:03 +02:00:   [cause]: Error: Cannot find module '/var/www/meucrm/.next/server/chunks/ssr/[root-of-the-server]__0l4klq3._.js'
2026-08-04 02:35:03 +02:00:   Require stack:
2026-08-04 02:35:03 +02:00:   - /var/www/meucrm/.next/server/chunks/ssr/[turbopack]_runtime.js
2026-08-04 02:35:03 +02:00:   - /var/www/meucrm/.next/server/app/(auth)/forgot-password/page.js
2026-08-04 02:35:03 +02:00:   - /var/www/meucrm/node_modules/next/dist/server/require.js
2026-08-04 02:35:03 +02:00:   - /var/www/meucrm/node_modules/next/dist/server/next-server.js
2026-08-04 02:35:03 +02:00:   - /var/www/meucrm/node_modules/next/dist/server/next.js
2026-08-04 02:35:03 +02:00:   - /var/www/meucrm/node_modules/next/dist/server/lib/start-server.js
2026-08-04 02:35:03 +02:00:   - /var/www/meucrm/node_modules/next/dist/cli/next-start.js
2026-08-04 02:35:03 +02:00:       at ignore-listed frames {
2026-08-04 02:35:03 +02:00:     code: 'MODULE_NOT_FOUND',
2026-08-04 02:35:03 +02:00:     requireStack: [
2026-08-04 02:35:03 +02:00:       '/var/www/meucrm/.next/server/chunks/ssr/[turbopack]_runtime.js',
2026-08-04 02:35:03 +02:00:       '/var/www/meucrm/.next/server/app/(auth)/forgot-password/page.js',
2026-08-04 02:35:03 +02:00:       '/var/www/meucrm/node_modules/next/dist/server/require.js',
2026-08-04 02:35:03 +02:00:       '/var/www/meucrm/node_modules/next/dist/server/next-server.js',
2026-08-04 02:35:03 +02:00:       '/var/www/meucrm/node_modules/next/dist/server/next.js',
2026-08-04 02:35:03 +02:00:       '/var/www/meucrm/node_modules/next/dist/server/lib/start-server.js',
2026-08-04 02:35:03 +02:00:       '/var/www/meucrm/node_modules/next/dist/cli/next-start.js'
2026-08-04 02:35:03 +02:00:     ]
2026-08-04 02:35:03 +02:00:   }
2026-08-04 02:35:03 +02:00: }
2026-08-04 02:35:04 +02:00: ⨯ unhandledRejection:  Error [ChunkLoadError]: Failed to load chunk server/chunks/ssr/[root-of-the-server]__0l4klq3._.js from module 690181
2026-08-04 02:35:04 +02:00:     at ignore-listed frames {
2026-08-04 02:35:04 +02:00:   [cause]: Error: Cannot find module '/var/www/meucrm/.next/server/chunks/ssr/[root-of-the-server]__0l4klq3._.js'
2026-08-04 02:35:04 +02:00:   Require stack:
2026-08-04 02:35:04 +02:00:   - /var/www/meucrm/.next/server/chunks/ssr/[turbopack]_runtime.js
2026-08-04 02:35:04 +02:00:   - /var/www/meucrm/.next/server/app/(auth)/forgot-password/page.js
2026-08-04 02:35:04 +02:00:   - /var/www/meucrm/node_modules/next/dist/server/require.js
2026-08-04 02:35:04 +02:00:   - /var/www/meucrm/node_modules/next/dist/server/next-server.js
2026-08-04 02:35:04 +02:00:   - /var/www/meucrm/node_modules/next/dist/server/next.js
2026-08-04 02:35:04 +02:00:   - /var/www/meucrm/node_modules/next/dist/server/lib/start-server.js
2026-08-04 02:35:04 +02:00:   - /var/www/meucrm/node_modules/next/dist/cli/next-start.js
2026-08-04 02:35:04 +02:00:       at ignore-listed frames {
2026-08-04 02:35:04 +02:00:     code: 'MODULE_NOT_FOUND',
2026-08-04 02:35:04 +02:00:     requireStack: [
2026-08-04 02:35:04 +02:00:       '/var/www/meucrm/.next/server/chunks/ssr/[turbopack]_runtime.js',
2026-08-04 02:35:04 +02:00:       '/var/www/meucrm/.next/server/app/(auth)/forgot-password/page.js',
2026-08-04 02:35:04 +02:00:       '/var/www/meucrm/node_modules/next/dist/server/require.js',
2026-08-04 02:35:04 +02:00:       '/var/www/meucrm/node_modules/next/dist/server/next-server.js',
2026-08-04 02:35:04 +02:00:       '/var/www/meucrm/node_modules/next/dist/server/next.js',
2026-08-04 02:35:04 +02:00:       '/var/www/meucrm/node_modules/next/dist/server/lib/start-server.js',
2026-08-04 02:35:04 +02:00:       '/var/www/meucrm/node_modules/next/dist/cli/next-start.js'
2026-08-04 02:35:04 +02:00:     ]
2026-08-04 02:35:04 +02:00:   }
2026-08-04 02:35:04 +02:00: }
2026-08-04 02:35:08 +02:00: [toErrorResponse] uncategorized error: Error: Zernio API error (401): Unauthorized
2026-08-04 02:35:08 +02:00:     at n (src/lib/zernio/client.ts:68:11)
2026-08-04 02:35:08 +02:00:     at async c (src/lib/zernio/client.ts:218:16)
2026-08-04 02:35:08 +02:00:     at async p (src/lib/zernio/client.ts:257:20)
2026-08-04 02:35:08 +02:00:     at async y (src/app/api/zernio/webhook-config/route.ts:27:22)
2026-08-04 03:39:18 +02:00: [ai/config GET] fetch error: {
2026-08-04 03:39:18 +02:00:   code: '42703',
2026-08-04 03:39:18 +02:00:   details: null,
2026-08-04 03:39:18 +02:00:   hint: null,
2026-08-04 03:39:18 +02:00:   message: 'column ai_configs.auto_reply_pause_mode does not exist'
2026-08-04 03:39:18 +02:00: }
2026-08-04 05:44:45 +02:00: [ai/config GET] fetch error: {
2026-08-04 05:44:45 +02:00:   code: '42703',
2026-08-04 05:44:45 +02:00:   details: null,
2026-08-04 05:44:45 +02:00:   hint: null,
2026-08-04 05:44:45 +02:00:   message: 'column ai_configs.auto_reply_pause_mode does not exist'
2026-08-04 05:44:45 +02:00: }
2026-08-04 05:44:47 +02:00: Error: Failed to find Server Action "x". This request might be from an older or newer deployment.
2026-08-04 05:44:47 +02:00: Read more: https://nextjs.org/docs/messages/failed-to-find-server-action
2026-08-04 05:44:47 +02:00:     at ignore-listed frames
2026-08-04 05:58:20 +02:00: [ai/config GET] fetch error: {
2026-08-04 05:58:20 +02:00:   code: '42703',
2026-08-04 05:58:20 +02:00:   details: null,
2026-08-04 05:58:20 +02:00:   hint: null,
2026-08-04 05:58:20 +02:00:   message: 'column ai_configs.auto_reply_pause_mode does not exist'
2026-08-04 05:58:20 +02:00: }
2026-08-04 05:58:37 +02:00: [ai/config GET] fetch error: {
2026-08-04 05:58:37 +02:00:   code: '42703',
2026-08-04 05:58:37 +02:00:   details: null,
2026-08-04 05:58:37 +02:00:   hint: null,
2026-08-04 05:58:37 +02:00:   message: 'column ai_configs.auto_reply_pause_mode does not exist'
2026-08-04 05:58:37 +02:00: }
2026-08-04 05:59:07 +02:00: [ai/config GET] fetch error: {
2026-08-04 05:59:07 +02:00:   code: '42703',
2026-08-04 05:59:07 +02:00:   details: null,
2026-08-04 05:59:07 +02:00:   hint: null,
2026-08-04 05:59:07 +02:00:   message: 'column ai_configs.auto_reply_pause_mode does not exist'
2026-08-04 05:59:07 +02:00: }
2026-08-04 05:59:31 +02:00: [ai/config GET] fetch error: {
2026-08-04 05:59:31 +02:00:   code: '42703',
2026-08-04 05:59:31 +02:00:   details: null,
2026-08-04 05:59:31 +02:00:   hint: null,
2026-08-04 05:59:31 +02:00:   message: 'column ai_configs.auto_reply_pause_mode does not exist'
2026-08-04 05:59:31 +02:00: }
